machine_code,date,days_since_last_maintenance,previous_maintenance_count,previous_corrective_count,previous_preventive_count,previous_inspection_count
CNC-001,2026-01-01,-1,0,0,0,0
CNC-001,2026-01-02,-1,0,0,0,0
CNC-001,2026-01-03,-1,0,0,0,0
CNC-001,2026-01-04,-1,0,0,0,0
CNC-001,2026-01-05,-1,0,0,0,0
CNC-001,2026-01-06,-1,0,0,0,0
CNC-001,2026-01-07,-1,0,0,0,0
CNC-001,2026-01-08,-1,0,0,0,0
CNC-001,2026-01-09,-1,0,0,0,0
CNC-001,2026-01-10,-1,0,0,0,0
CNC-001,2026-01-11,-1,0,0,0,0
CNC-001,2026-01-12,-1,0,0,0,0
CNC-001,2026-01-13,-1,0,0,0,0
CNC-001,2026-01-14,-1,0,0,0,0
CNC-001,2026-01-15,-1,0,0,0,0
CNC-001,2026-01-16,-1,0,0,0,0
CNC-001,2026-01-17,-1,0,0,0,0
CNC-001,2026-01-18,-1,0,0,0,0
CNC-001,2026-01-19,-1,0,0,0,0
CNC-001,2026-01-20,-1,0,0,0,0
CNC-001,2026-01-21,-1,0,0,0,0
CNC-001,2026-01-22,-1,0,0,0,0
CNC-001,2026-01-23,-1,0,0,0,0
CNC-001,2026-01-24,-1,0,0,0,0
CNC-001,2026-01-25,-1,0,0,0,0
CNC-001,2026-01-26,-1,0,0,0,0
CNC-001,2026-01-27,1,1,0,1,0
CNC-001,2026-01-28,2,1,0,1,0
CNC-001,2026-01-29,3,1,0,1,0
CNC-001,2026-01-30,4,1,0,1,0
CNC-001,2026-01-31,5,1,0,1,0
CNC-001,2026-02-01,6,1,0,1,0
CNC-001,2026-02-02,7,1,0,1,0
CNC-001,2026-02-03,8,1,0,1,0
CNC-001,2026-02-04,9,1,0,1,0
CNC-001,2026-02-05,10,1,0,1,0
CNC-001,2026-02-06,11,1,0,1,0
CNC-001,2026-02-07,12,1,0,1,0
CNC-001,2026-02-08,13,1,0,1,0
CNC-001,2026-02-09,14,1,0,1,0
CNC-001,2026-02-10,15,1,0,1,0
CNC-001,2026-02-11,16,1,0,1,0
CNC-001,2026-02-12,17,1,0,1,0
CNC-001,2026-02-13,18,1,0,1,0
CNC-001,2026-02-14,19,1,0,1,0
CNC-001,2026-02-15,20,1,0,1,0
CNC-001,2026-02-16,21,1,0,1,0
CNC-001,2026-02-17,22,1,0,1,0
CNC-001,2026-02-18,23,1,0,1,0
CNC-001,2026-02-19,24,1,0,1,0
CNC-001,2026-02-20,25,1,0,1,0
CNC-001,2026-02-21,26,1,0,1,0
CNC-001,2026-02-22,27,1,0,1,0
CNC-001,2026-02-23,28,1,0,1,0
CNC-001,2026-02-24,29,1,0,1,0
CNC-001,2026-02-25,30,1,0,1,0
CNC-001,2026-02-26,31,1,0,1,0
CNC-001,2026-02-27,32,1,0,1,0
CNC-001,2026-02-28,33,1,0,1,0
CNC-001,2026-03-01,34,1,0,1,0
CNC-001,2026-03-02,35,1,0,1,0
CNC-001,2026-03-03,36,1,0,1,0
CNC-001,2026-03-04,37,1,0,1,0
CNC-001,2026-03-05,38,1,0,1,0
CNC-001,2026-03-06,39,1,0,1,0
CNC-001,2026-03-07,40,1,0,1,0
CNC-001,2026-03-08,41,1,0,1,0
CNC-001,2026-03-09,1,2,0,2,0
CNC-001,2026-03-10,2,2,0,2,0
CNC-001,2026-03-11,3,2,0,2,0
CNC-001,2026-03-12,4,2,0,2,0
CNC-001,2026-03-13,5,2,0,2,0
CNC-001,2026-03-14,6,2,0,2,0
CNC-001,2026-03-15,7,2,0,2,0
CNC-001,2026-03-16,8,2,0,2,0
CNC-001,2026-03-17,9,2,0,2,0
CNC-001,2026-03-18,10,2,0,2,0
CNC-001,2026-03-19,11,2,0,2,0
CNC-001,2026-03-20,12,2,0,2,0
CNC-001,2026-03-21,13,2,0,2,0
CNC-001,2026-03-22,14,2,0,2,0
CNC-001,2026-03-23,15,2,0,2,0
CNC-001,2026-03-24,16,2,0,2,0
CNC-001,2026-03-25,17,2,0,2,0
CNC-001,2026-03-26,18,2,0,2,0
CNC-001,2026-03-27,19,2,0,2,0
CNC-001,2026-03-28,20,2,0,2,0
CNC-001,2026-03-29,1,3,1,2,0
CNC-001,2026-03-30,2,3,1,2,0
CNC-001,2026-03-31,3,3,1,2,0
CNC-001,2026-04-01,4,3,1,2,0
CNC-001,2026-04-02,5,3,1,2,0
CNC-001,2026-04-03,6,3,1,2,0
CNC-001,2026-04-04,7,3,1,2,0
CNC-001,2026-04-05,8,3,1,2,0
CNC-001,2026-04-06,9,3,1,2,0
CNC-001,2026-04-07,10,3,1,2,0
CNC-001,2026-04-08,11,3,1,2,0
CNC-001,2026-04-09,12,3,1,2,0
CNC-001,2026-04-10,13,3,1,2,0
CNC-001,2026-04-11,14,3,1,2,0
CNC-001,2026-04-12,15,3,1,2,0
CNC-001,2026-04-13,16,3,1,2,0
CNC-001,2026-04-14,17,3,1,2,0
CNC-001,2026-04-15,18,3,1,2,0
CNC-001,2026-04-16,19,3,1,2,0
CNC-001,2026-04-17,20,3,1,2,0
CNC-001,2026-04-18,21,3,1,2,0
CNC-001,2026-04-19,22,3,1,2,0
CNC-001,2026-04-20,23,3,1,2,0
CNC-001,2026-04-21,24,3,1,2,0
CNC-001,2026-04-22,25,3,1,2,0
CNC-001,2026-04-23,26,3,1,2,0
CNC-001,2026-04-24,27,3,1,2,0
CNC-001,2026-04-25,28,3,1,2,0
CNC-001,2026-04-26,29,3,1,2,0
CNC-001,2026-04-27,30,3,1,2,0
CNC-001,2026-04-28,31,3,1,2,0
CNC-001,2026-04-29,32,3,1,2,0
CNC-001,2026-04-30,33,3,1,2,0
CNC-001,2026-05-01,34,3,1,2,0
CNC-001,2026-05-02,35,3,1,2,0
CNC-001,2026-05-03,36,3,1,2,0
CNC-001,2026-05-04,37,3,1,2,0
CNC-001,2026-05-05,38,3,1,2,0
CNC-001,2026-05-06,39,3,1,2,0
CNC-001,2026-05-07,40,3,1,2,0
CNC-001,2026-05-08,41,3,1,2,0
CNC-001,2026-05-09,1,4,1,3,0
CNC-001,2026-05-10,2,4,1,3,0
CNC-001,2026-05-11,3,4,1,3,0
CNC-001,2026-05-12,4,4,1,3,0
CNC-001,2026-05-13,5,4,1,3,0
CNC-001,2026-05-14,6,4,1,3,0
CNC-001,2026-05-15,7,4,1,3,0
CNC-001,2026-05-16,8,4,1,3,0
CNC-001,2026-05-17,9,4,1,3,0
CNC-001,2026-05-18,10,4,1,3,0
CNC-001,2026-05-19,11,4,1,3,0
CNC-001,2026-05-20,12,4,1,3,0
CNC-001,2026-05-21,13,4,1,3,0
CNC-001,2026-05-22,14,4,1,3,0
CNC-001,2026-05-23,15,4,1,3,0
CNC-001,2026-05-24,16,4,1,3,0
CNC-001,2026-05-25,17,4,1,3,0
CNC-001,2026-05-26,18,4,1,3,0
CNC-001,2026-05-27,19,4,1,3,0
CNC-001,2026-05-28,20,4,1,3,0
CNC-001,2026-05-29,21,4,1,3,0
CNC-001,2026-05-30,22,4,1,3,0
CNC-001,2026-05-31,23,4,1,3,0
CNC-001,2026-06-01,24,4,1,3,0
CNC-001,2026-06-02,25,4,1,3,0
CNC-001,2026-06-03,26,4,1,3,0
CNC-001,2026-06-04,27,4,1,3,0
CNC-001,2026-06-05,28,4,1,3,0
CNC-001,2026-06-06,29,4,1,3,0
CNC-001,2026-06-07,30,4,1,3,0
CNC-001,2026-06-08,31,4,1,3,0
CNC-001,2026-06-09,32,4,1,3,0
CNC-001,2026-06-10,33,4,1,3,0
CNC-001,2026-06-11,34,4,1,3,0
CNC-001,2026-06-12,35,4,1,3,0
CNC-001,2026-06-13,36,4,1,3,0
CNC-001,2026-06-14,37,4,1,3,0
CNC-001,2026-06-15,38,4,1,3,0
CNC-001,2026-06-16,39,4,1,3,0
CNC-001,2026-06-17,40,4,1,3,0
CNC-001,2026-06-18,41,4,1,3,0
CNC-001,2026-06-19,42,4,1,3,0
CNC-001,2026-06-20,43,4,1,3,0
CNC-001,2026-06-21,44,4,1,3,0
CNC-001,2026-06-22,45,4,1,3,0
CNC-001,2026-06-23,46,4,1,3,0
CNC-001,2026-06-24,47,4,1,3,0
CNC-001,2026-06-25,48,4,1,3,0
CNC-001,2026-06-26,49,4,1,3,0
CNC-001,2026-06-27,50,4,1,3,0
CNC-001,2026-06-28,51,4,1,3,0
CNC-001,2026-06-29,52,4,1,3,0
CNC-001,2026-06-30,53,4,1,3,0
CNC-001,2026-07-01,54,4,1,3,0
CNC-001,2026-07-02,55,4,1,3,0
CNC-001,2026-07-03,56,4,1,3,0
CNC-001,2026-07-04,57,4,1,3,0
CNC-001,2026-07-05,58,4,1,3,0
CNC-001,2026-07-06,59,4,1,3,0
CNC-001,2026-07-07,60,4,1,3,0
CNC-001,2026-07-08,1,5,1,4,0
CNC-001,2026-07-09,2,5,1,4,0
CNC-001,2026-07-10,3,5,1,4,0
CNC-001,2026-07-11,4,5,1,4,0
CNC-001,2026-07-12,5,5,1,4,0
CNC-001,2026-07-13,6,5,1,4,0
CNC-001,2026-07-14,7,5,1,4,0
CNC-001,2026-07-15,8,5,1,4,0
CNC-001,2026-07-16,9,5,1,4,0
CNC-001,2026-07-17,10,5,1,4,0
CNC-001,2026-07-18,11,5,1,4,0
CNC-001,2026-07-19,12,5,1,4,0
CNC-001,2026-07-20,13,5,1,4,0
CNC-001,2026-07-21,14,5,1,4,0
CNC-001,2026-07-22,15,5,1,4,0
CNC-001,2026-07-23,16,5,1,4,0
CNC-001,2026-07-24,17,5,1,4,0
CNC-001,2026-07-25,18,5,1,4,0
CNC-001,2026-07-26,19,5,1,4,0
CNC-001,2026-07-27,20,5,1,4,0
CNC-001,2026-07-28,21,5,1,4,0
CNC-001,2026-07-29,22,5,1,4,0
CNC-001,2026-07-30,23,5,1,4,0
CNC-001,2026-07-31,24,5,1,4,0
CNC-001,2026-08-01,25,5,1,4,0
CNC-001,2026-08-02,26,5,1,4,0
CNC-001,2026-08-03,27,5,1,4,0
CNC-001,2026-08-04,28,5,1,4,0
CNC-001,2026-08-05,29,5,1,4,0
CNC-001,2026-08-06,30,5,1,4,0
CNC-001,2026-08-07,31,5,1,4,0
CNC-001,2026-08-08,32,5,1,4,0
CNC-001,2026-08-09,33,5,1,4,0
CNC-001,2026-08-10,34,5,1,4,0
CNC-001,2026-08-11,35,5,1,4,0
CNC-001,2026-08-12,36,5,1,4,0
CNC-001,2026-08-13,37,5,1,4,0
CNC-001,2026-08-14,38,5,1,4,0
CNC-001,2026-08-15,39,5,1,4,0
CNC-001,2026-08-16,40,5,1,4,0
CNC-001,2026-08-17,41,5,1,4,0
CNC-001,2026-08-18,42,5,1,4,0
CNC-001,2026-08-19,43,5,1,4,0
CNC-001,2026-08-20,44,5,1,4,0
CNC-001,2026-08-21,45,5,1,4,0
CNC-001,2026-08-22,46,5,1,4,0
CNC-001,2026-08-23,47,5,1,4,0
CNC-001,2026-08-24,48,5,1,4,0
CNC-001,2026-08-25,49,5,1,4,0
CNC-001,2026-08-26,50,5,1,4,0
CNC-001,2026-08-27,51,5,1,4,0
CNC-001,2026-08-28,52,5,1,4,0
CNC-001,2026-08-29,53,5,1,4,0
CNC-001,2026-08-30,54,5,1,4,0
CNC-001,2026-08-31,55,5,1,4,0
CNC-001,2026-09-01,56,5,1,4,0
CNC-001,2026-09-02,57,5,1,4,0
CNC-001,2026-09-03,58,5,1,4,0
CNC-001,2026-09-04,59,5,1,4,0
CNC-001,2026-09-05,60,5,1,4,0
CNC-001,2026-09-06,1,6,1,5,0
CNC-001,2026-09-07,2,6,1,5,0
CNC-001,2026-09-08,3,6,1,5,0
CNC-001,2026-09-09,4,6,1,5,0
CNC-001,2026-09-10,5,6,1,5,0
CNC-001,2026-09-11,6,6,1,5,0
CNC-001,2026-09-12,7,6,1,5,0
CNC-001,2026-09-13,8,6,1,5,0
CNC-001,2026-09-14,9,6,1,5,0
CNC-001,2026-09-15,10,6,1,5,0
CNC-001,2026-09-16,11,6,1,5,0
CNC-001,2026-09-17,12,6,1,5,0
CNC-001,2026-09-18,13,6,1,5,0
CNC-001,2026-09-19,14,6,1,5,0
CNC-001,2026-09-20,15,6,1,5,0
CNC-001,2026-09-21,16,6,1,5,0
CNC-001,2026-09-22,17,6,1,5,0
CNC-001,2026-09-23,18,6,1,5,0
CNC-001,2026-09-24,19,6,1,5,0
CNC-001,2026-09-25,20,6,1,5,0
CNC-001,2026-09-26,21,6,1,5,0
CNC-001,2026-09-27,22,6,1,5,0
CNC-001,2026-09-28,23,6,1,5,0
CNC-001,2026-09-29,24,6,1,5,0
CNC-001,2026-09-30,25,6,1,5,0
CNC-002,2026-01-01,-1,0,0,0,0
CNC-002,2026-01-02,-1,0,0,0,0
CNC-002,2026-01-03,-1,0,0,0,0
CNC-002,2026-01-04,-1,0,0,0,0
CNC-002,2026-01-05,-1,0,0,0,0
CNC-002,2026-01-06,-1,0,0,0,0
CNC-002,2026-01-07,-1,0,0,0,0
CNC-002,2026-01-08,-1,0,0,0,0
CNC-002,2026-01-09,-1,0,0,0,0
CNC-002,2026-01-10,-1,0,0,0,0
CNC-002,2026-01-11,-1,0,0,0,0
CNC-002,2026-01-12,-1,0,0,0,0
CNC-002,2026-01-13,-1,0,0,0,0
CNC-002,2026-01-14,-1,0,0,0,0
CNC-002,2026-01-15,-1,0,0,0,0
CNC-002,2026-01-16,-1,0,0,0,0
CNC-002,2026-01-17,-1,0,0,0,0
CNC-002,2026-01-18,-1,0,0,0,0
CNC-002,2026-01-19,-1,0,0,0,0
CNC-002,2026-01-20,-1,0,0,0,0
CNC-002,2026-01-21,-1,0,0,0,0
CNC-002,2026-01-22,-1,0,0,0,0
CNC-002,2026-01-23,-1,0,0,0,0
CNC-002,2026-01-24,-1,0,0,0,0
CNC-002,2026-01-25,-1,0,0,0,0
CNC-002,2026-01-26,-1,0,0,0,0
CNC-002,2026-01-27,-1,0,0,0,0
CNC-002,2026-01-28,-1,0,0,0,0
CNC-002,2026-01-29,-1,0,0,0,0
CNC-002,2026-01-30,-1,0,0,0,0
CNC-002,2026-01-31,-1,0,0,0,0
CNC-002,2026-02-01,-1,0,0,0,0
CNC-002,2026-02-02,-1,0,0,0,0
CNC-002,2026-02-03,-1,0,0,0,0
CNC-002,2026-02-04,-1,0,0,0,0
CNC-002,2026-02-05,-1,0,0,0,0
CNC-002,2026-02-06,-1,0,0,0,0
CNC-002,2026-02-07,-1,0,0,0,0
CNC-002,2026-02-08,-1,0,0,0,0
CNC-002,2026-02-09,-1,0,0,0,0
CNC-002,2026-02-10,-1,0,0,0,0
CNC-002,2026-02-11,-1,0,0,0,0
CNC-002,2026-02-12,-1,0,0,0,0
CNC-002,2026-02-13,-1,0,0,0,0
CNC-002,2026-02-14,-1,0,0,0,0
CNC-002,2026-02-15,-1,0,0,0,0
CNC-002,2026-02-16,-1,0,0,0,0
CNC-002,2026-02-17,-1,0,0,0,0
CNC-002,2026-02-18,-1,0,0,0,0
CNC-002,2026-02-19,-1,0,0,0,0
CNC-002,2026-02-20,-1,0,0,0,0
CNC-002,2026-02-21,-1,0,0,0,0
CNC-002,2026-02-22,-1,0,0,0,0
CNC-002,2026-02-23,-1,0,0,0,0
CNC-002,2026-02-24,-1,0,0,0,0
CNC-002,2026-02-25,-1,0,0,0,0
CNC-002,2026-02-26,-1,0,0,0,0
CNC-002,2026-02-27,1,1,0,1,0
CNC-002,2026-02-28,2,1,0,1,0
CNC-002,2026-03-01,3,1,0,1,0
CNC-002,2026-03-02,4,1,0,1,0
CNC-002,2026-03-03,5,1,0,1,0
CNC-002,2026-03-04,6,1,0,1,0
CNC-002,2026-03-05,7,1,0,1,0
CNC-002,2026-03-06,8,1,0,1,0
CNC-002,2026-03-07,9,1,0,1,0
CNC-002,2026-03-08,10,1,0,1,0
CNC-002,2026-03-09,11,1,0,1,0
CNC-002,2026-03-10,12,1,0,1,0
CNC-002,2026-03-11,13,1,0,1,0
CNC-002,2026-03-12,14,1,0,1,0
CNC-002,2026-03-13,15,1,0,1,0
CNC-002,2026-03-14,16,1,0,1,0
CNC-002,2026-03-15,17,1,0,1,0
CNC-002,2026-03-16,18,1,0,1,0
CNC-002,2026-03-17,19,1,0,1,0
CNC-002,2026-03-18,20,1,0,1,0
CNC-002,2026-03-19,21,1,0,1,0
CNC-002,2026-03-20,22,1,0,1,0
CNC-002,2026-03-21,23,1,0,1,0
CNC-002,2026-03-22,24,1,0,1,0
CNC-002,2026-03-23,25,1,0,1,0
CNC-002,2026-03-24,26,1,0,1,0
CNC-002,2026-03-25,27,1,0,1,0
CNC-002,2026-03-26,28,1,0,1,0
CNC-002,2026-03-27,29,1,0,1,0
CNC-002,2026-03-28,30,1,0,1,0
CNC-002,2026-03-29,31,1,0,1,0
CNC-002,2026-03-30,32,1,0,1,0
CNC-002,2026-03-31,33,1,0,1,0
CNC-002,2026-04-01,34,1,0,1,0
CNC-002,2026-04-02,35,1,0,1,0
CNC-002,2026-04-03,36,1,0,1,0
CNC-002,2026-04-04,37,1,0,1,0
CNC-002,2026-04-05,38,1,0,1,0
CNC-002,2026-04-06,39,1,0,1,0
CNC-002,2026-04-07,40,1,0,1,0
CNC-002,2026-04-08,41,1,0,1,0
CNC-002,2026-04-09,42,1,0,1,0
CNC-002,2026-04-10,43,1,0,1,0
CNC-002,2026-04-11,44,1,0,1,0
CNC-002,2026-04-12,45,1,0,1,0
CNC-002,2026-04-13,46,1,0,1,0
CNC-002,2026-04-14,47,1,0,1,0
CNC-002,2026-04-15,48,1,0,1,0
CNC-002,2026-04-16,49,1,0,1,0
CNC-002,2026-04-17,50,1,0,1,0
CNC-002,2026-04-18,51,1,0,1,0
CNC-002,2026-04-19,52,1,0,1,0
CNC-002,2026-04-20,1,2,0,2,0
CNC-002,2026-04-21,2,2,0,2,0
CNC-002,2026-04-22,3,2,0,2,0
CNC-002,2026-04-23,4,2,0,2,0
CNC-002,2026-04-24,5,2,0,2,0
CNC-002,2026-04-25,6,2,0,2,0
CNC-002,2026-04-26,7,2,0,2,0
CNC-002,2026-04-27,8,2,0,2,0
CNC-002,2026-04-28,9,2,0,2,0
CNC-002,2026-04-29,10,2,0,2,0
CNC-002,2026-04-30,11,2,0,2,0
CNC-002,2026-05-01,12,2,0,2,0
CNC-002,2026-05-02,13,2,0,2,0
CNC-002,2026-05-03,14,2,0,2,0
CNC-002,2026-05-04,15,2,0,2,0
CNC-002,2026-05-05,16,2,0,2,0
CNC-002,2026-05-06,17,2,0,2,0
CNC-002,2026-05-07,18,2,0,2,0
CNC-002,2026-05-08,19,2,0,2,0
CNC-002,2026-05-09,20,2,0,2,0
CNC-002,2026-05-10,21,2,0,2,0
CNC-002,2026-05-11,22,2,0,2,0
CNC-002,2026-05-12,23,2,0,2,0
CNC-002,2026-05-13,24,2,0,2,0
CNC-002,2026-05-14,25,2,0,2,0
CNC-002,2026-05-15,26,2,0,2,0
CNC-002,2026-05-16,27,2,0,2,0
CNC-002,2026-05-17,28,2,0,2,0
CNC-002,2026-05-18,29,2,0,2,0
CNC-002,2026-05-19,1,3,1,2,0
CNC-002,2026-05-20,2,3,1,2,0
CNC-002,2026-05-21,3,3,1,2,0
CNC-002,2026-05-22,4,3,1,2,0
CNC-002,2026-05-23,5,3,1,2,0
CNC-002,2026-05-24,6,3,1,2,0
CNC-002,2026-05-25,7,3,1,2,0
CNC-002,2026-05-26,8,3,1,2,0
CNC-002,2026-05-27,9,3,1,2,0
CNC-002,2026-05-28,10,3,1,2,0
CNC-002,2026-05-29,11,3,1,2,0
CNC-002,2026-05-30,12,3,1,2,0
CNC-002,2026-05-31,13,3,1,2,0
CNC-002,2026-06-01,14,3,1,2,0
CNC-002,2026-06-02,15,3,1,2,0
CNC-002,2026-06-03,16,3,1,2,0
CNC-002,2026-06-04,17,3,1,2,0
CNC-002,2026-06-05,18,3,1,2,0
CNC-002,2026-06-06,19,3,1,2,0
CNC-002,2026-06-07,20,3,1,2,0
CNC-002,2026-06-08,21,3,1,2,0
CNC-002,2026-06-09,22,3,1,2,0
CNC-002,2026-06-10,23,3,1,2,0
CNC-002,2026-06-11,24,3,1,2,0
CNC-002,2026-06-12,25,3,1,2,0
CNC-002,2026-06-13,26,3,1,2,0
CNC-002,2026-06-14,27,3,1,2,0
CNC-002,2026-06-15,28,3,1,2,0
CNC-002,2026-06-16,29,3,1,2,0
CNC-002,2026-06-17,30,3,1,2,0
CNC-002,2026-06-18,31,3,1,2,0
CNC-002,2026-06-19,32,3,1,2,0
CNC-002,2026-06-20,33,3,1,2,0
CNC-002,2026-06-21,34,3,1,2,0
CNC-002,2026-06-22,35,3,1,2,0
CNC-002,2026-06-23,36,3,1,2,0
CNC-002,2026-06-24,37,3,1,2,0
CNC-002,2026-06-25,1,4,1,3,0
CNC-002,2026-06-26,2,4,1,3,0
CNC-002,2026-06-27,3,4,1,3,0
CNC-002,2026-06-28,4,4,1,3,0
CNC-002,2026-06-29,5,4,1,3,0
CNC-002,2026-06-30,6,4,1,3,0
CNC-002,2026-07-01,7,4,1,3,0
CNC-002,2026-07-02,8,4,1,3,0
CNC-002,2026-07-03,9,4,1,3,0
CNC-002,2026-07-04,10,4,1,3,0
CNC-002,2026-07-05,11,4,1,3,0
CNC-002,2026-07-06,12,4,1,3,0
CNC-002,2026-07-07,13,4,1,3,0
CNC-002,2026-07-08,14,4,1,3,0
CNC-002,2026-07-09,15,4,1,3,0
CNC-002,2026-07-10,16,4,1,3,0
CNC-002,2026-07-11,17,4,1,3,0
CNC-002,2026-07-12,18,4,1,3,0
CNC-002,2026-07-13,19,4,1,3,0
CNC-002,2026-07-14,20,4,1,3,0
CNC-002,2026-07-15,21,4,1,3,0
CNC-002,2026-07-16,22,4,1,3,0
CNC-002,2026-07-17,23,4,1,3,0
CNC-002,2026-07-18,24,4,1,3,0
CNC-002,2026-07-19,25,4,1,3,0
CNC-002,2026-07-20,26,4,1,3,0
CNC-002,2026-07-21,1,5,2,3,0
CNC-002,2026-07-22,2,5,2,3,0
CNC-002,2026-07-23,3,5,2,3,0
CNC-002,2026-07-24,4,5,2,3,0
CNC-002,2026-07-25,5,5,2,3,0
CNC-002,2026-07-26,6,5,2,3,0
CNC-002,2026-07-27,7,5,2,3,0
CNC-002,2026-07-28,8,5,2,3,0
CNC-002,2026-07-29,9,5,2,3,0
CNC-002,2026-07-30,10,5,2,3,0
CNC-002,2026-07-31,11,5,2,3,0
CNC-002,2026-08-01,12,5,2,3,0
CNC-002,2026-08-02,13,5,2,3,0
CNC-002,2026-08-03,14,5,2,3,0
CNC-002,2026-08-04,15,5,2,3,0
CNC-002,2026-08-05,16,5,2,3,0
CNC-002,2026-08-06,17,5,2,3,0
CNC-002,2026-08-07,18,5,2,3,0
CNC-002,2026-08-08,19,5,2,3,0
CNC-002,2026-08-09,20,5,2,3,0
CNC-002,2026-08-10,21,5,2,3,0
CNC-002,2026-08-11,22,5,2,3,0
CNC-002,2026-08-12,23,5,2,3,0
CNC-002,2026-08-13,24,5,2,3,0
CNC-002,2026-08-14,25,5,2,3,0
CNC-002,2026-08-15,26,5,2,3,0
CNC-002,2026-08-16,27,5,2,3,0
CNC-002,2026-08-17,28,5,2,3,0
CNC-002,2026-08-18,29,5,2,3,0
CNC-002,2026-08-19,30,5,2,3,0
CNC-002,2026-08-20,31,5,2,3,0
CNC-002,2026-08-21,32,5,2,3,0
CNC-002,2026-08-22,33,5,2,3,0
CNC-002,2026-08-23,1,6,2,4,0
CNC-002,2026-08-24,2,6,2,4,0
CNC-002,2026-08-25,3,6,2,4,0
CNC-002,2026-08-26,4,6,2,4,0
CNC-002,2026-08-27,5,6,2,4,0
CNC-002,2026-08-28,6,6,2,4,0
CNC-002,2026-08-29,7,6,2,4,0
CNC-002,2026-08-30,8,6,2,4,0
CNC-002,2026-08-31,9,6,2,4,0
CNC-002,2026-09-01,10,6,2,4,0
CNC-002,2026-09-02,11,6,2,4,0
CNC-002,2026-09-03,12,6,2,4,0
CNC-002,2026-09-04,13,6,2,4,0
CNC-002,2026-09-05,14,6,2,4,0
CNC-002,2026-09-06,15,6,2,4,0
CNC-002,2026-09-07,16,6,2,4,0
CNC-002,2026-09-08,17,6,2,4,0
CNC-002,2026-09-09,18,6,2,4,0
CNC-002,2026-09-10,19,6,2,4,0
CNC-002,2026-09-11,20,6,2,4,0
CNC-002,2026-09-12,21,6,2,4,0
CNC-002,2026-09-13,22,6,2,4,0
CNC-002,2026-09-14,23,6,2,4,0
CNC-002,2026-09-15,24,6,2,4,0
CNC-002,2026-09-16,25,6,2,4,0
CNC-002,2026-09-17,26,6,2,4,0
CNC-002,2026-09-18,27,6,2,4,0
CNC-002,2026-09-19,28,6,2,4,0
CNC-002,2026-09-20,29,6,2,4,0
CNC-002,2026-09-21,30,6,2,4,0
CNC-002,2026-09-22,31,6,2,4,0
CNC-002,2026-09-23,32,6,2,4,0
CNC-002,2026-09-24,1,7,2,5,0
CNC-002,2026-09-25,2,7,2,5,0
CNC-002,2026-09-26,3,7,2,5,0
CNC-002,2026-09-27,4,7,2,5,0
CNC-002,2026-09-28,5,7,2,5,0
CNC-002,2026-09-29,6,7,2,5,0
CNC-002,2026-09-30,7,7,2,5,0
CON-001,2026-01-01,-1,0,0,0,0
CON-001,2026-01-02,-1,0,0,0,0
CON-001,2026-01-03,-1,0,0,0,0
CON-001,2026-01-04,-1,0,0,0,0
CON-001,2026-01-05,-1,0,0,0,0
CON-001,2026-01-06,-1,0,0,0,0
CON-001,2026-01-07,-1,0,0,0,0
CON-001,2026-01-08,-1,0,0,0,0
CON-001,2026-01-09,-1,0,0,0,0
CON-001,2026-01-10,-1,0,0,0,0
CON-001,2026-01-11,-1,0,0,0,0
CON-001,2026-01-12,-1,0,0,0,0
CON-001,2026-01-13,-1,0,0,0,0
CON-001,2026-01-14,-1,0,0,0,0
CON-001,2026-01-15,-1,0,0,0,0
CON-001,2026-01-16,-1,0,0,0,0
CON-001,2026-01-17,-1,0,0,0,0
CON-001,2026-01-18,-1,0,0,0,0
CON-001,2026-01-19,-1,0,0,0,0
CON-001,2026-01-20,1,1,1,0,0
CON-001,2026-01-21,2,1,1,0,0
CON-001,2026-01-22,3,1,1,0,0
CON-001,2026-01-23,4,1,1,0,0
CON-001,2026-01-24,5,1,1,0,0
CON-001,2026-01-25,6,1,1,0,0
CON-001,2026-01-26,7,1,1,0,0
CON-001,2026-01-27,8,1,1,0,0
CON-001,2026-01-28,9,1,1,0,0
CON-001,2026-01-29,10,1,1,0,0
CON-001,2026-01-30,11,1,1,0,0
CON-001,2026-01-31,12,1,1,0,0
CON-001,2026-02-01,13,1,1,0,0
CON-001,2026-02-02,1,2,2,0,0
CON-001,2026-02-03,2,2,2,0,0
CON-001,2026-02-04,3,2,2,0,0
CON-001,2026-02-05,4,2,2,0,0
CON-001,2026-02-06,5,2,2,0,0
CON-001,2026-02-07,6,2,2,0,0
CON-001,2026-02-08,7,2,2,0,0
CON-001,2026-02-09,8,2,2,0,0
CON-001,2026-02-10,9,2,2,0,0
CON-001,2026-02-11,10,2,2,0,0
CON-001,2026-02-12,11,2,2,0,0
CON-001,2026-02-13,12,2,2,0,0
CON-001,2026-02-14,13,2,2,0,0
CON-001,2026-02-15,14,2,2,0,0
CON-001,2026-02-16,15,2,2,0,0
CON-001,2026-02-17,16,2,2,0,0
CON-001,2026-02-18,17,2,2,0,0
CON-001,2026-02-19,18,2,2,0,0
CON-001,2026-02-20,19,2,2,0,0
CON-001,2026-02-21,20,2,2,0,0
CON-001,2026-02-22,21,2,2,0,0
CON-001,2026-02-23,22,2,2,0,0
CON-001,2026-02-24,23,2,2,0,0
CON-001,2026-02-25,24,2,2,0,0
CON-001,2026-02-26,25,2,2,0,0
CON-001,2026-02-27,26,2,2,0,0
CON-001,2026-02-28,27,2,2,0,0
CON-001,2026-03-01,28,2,2,0,0
CON-001,2026-03-02,29,2,2,0,0
CON-001,2026-03-03,30,2,2,0,0
CON-001,2026-03-04,31,2,2,0,0
CON-001,2026-03-05,32,2,2,0,0
CON-001,2026-03-06,33,2,2,0,0
CON-001,2026-03-07,34,2,2,0,0
CON-001,2026-03-08,35,2,2,0,0
CON-001,2026-03-09,36,2,2,0,0
CON-001,2026-03-10,37,2,2,0,0
CON-001,2026-03-11,38,2,2,0,0
CON-001,2026-03-12,39,2,2,0,0
CON-001,2026-03-13,40,2,2,0,0
CON-001,2026-03-14,41,2,2,0,0
CON-001,2026-03-15,42,2,2,0,0
CON-001,2026-03-16,43,2,2,0,0
CON-001,2026-03-17,44,2,2,0,0
CON-001,2026-03-18,45,2,2,0,0
CON-001,2026-03-19,46,2,2,0,0
CON-001,2026-03-20,47,2,2,0,0
CON-001,2026-03-21,48,2,2,0,0
CON-001,2026-03-22,49,2,2,0,0
CON-001,2026-03-23,50,2,2,0,0
CON-001,2026-03-24,51,2,2,0,0
CON-001,2026-03-25,52,2,2,0,0
CON-001,2026-03-26,53,2,2,0,0
CON-001,2026-03-27,54,2,2,0,0
CON-001,2026-03-28,1,3,2,1,0
CON-001,2026-03-29,2,3,2,1,0
CON-001,2026-03-30,3,3,2,1,0
CON-001,2026-03-31,4,3,2,1,0
CON-001,2026-04-01,5,3,2,1,0
CON-001,2026-04-02,6,3,2,1,0
CON-001,2026-04-03,7,3,2,1,0
CON-001,2026-04-04,8,3,2,1,0
CON-001,2026-04-05,9,3,2,1,0
CON-001,2026-04-06,10,3,2,1,0
CON-001,2026-04-07,11,3,2,1,0
CON-001,2026-04-08,12,3,2,1,0
CON-001,2026-04-09,13,3,2,1,0
CON-001,2026-04-10,14,3,2,1,0
CON-001,2026-04-11,15,3,2,1,0
CON-001,2026-04-12,16,3,2,1,0
CON-001,2026-04-13,17,3,2,1,0
CON-001,2026-04-14,18,3,2,1,0
CON-001,2026-04-15,19,3,2,1,0
CON-001,2026-04-16,20,3,2,1,0
CON-001,2026-04-17,21,3,2,1,0
CON-001,2026-04-18,22,3,2,1,0
CON-001,2026-04-19,23,3,2,1,0
CON-001,2026-04-20,24,3,2,1,0
CON-001,2026-04-21,25,3,2,1,0
CON-001,2026-04-22,26,3,2,1,0
CON-001,2026-04-23,27,3,2,1,0
CON-001,2026-04-24,28,3,2,1,0
CON-001,2026-04-25,29,3,2,1,0
CON-001,2026-04-26,30,3,2,1,0
CON-001,2026-04-27,31,3,2,1,0
CON-001,2026-04-28,32,3,2,1,0
CON-001,2026-04-29,33,3,2,1,0
CON-001,2026-04-30,34,3,2,1,0
CON-001,2026-05-01,35,3,2,1,0
CON-001,2026-05-02,36,3,2,1,0
CON-001,2026-05-03,37,3,2,1,0
CON-001,2026-05-04,38,3,2,1,0
CON-001,2026-05-05,39,3,2,1,0
CON-001,2026-05-06,40,3,2,1,0
CON-001,2026-05-07,41,3,2,1,0
CON-001,2026-05-08,42,3,2,1,0
CON-001,2026-05-09,43,3,2,1,0
CON-001,2026-05-10,44,3,2,1,0
CON-001,2026-05-11,45,3,2,1,0
CON-001,2026-05-12,46,3,2,1,0
CON-001,2026-05-13,47,3,2,1,0
CON-001,2026-05-14,48,3,2,1,0
CON-001,2026-05-15,49,3,2,1,0
CON-001,2026-05-16,50,3,2,1,0
CON-001,2026-05-17,51,3,2,1,0
CON-001,2026-05-18,52,3,2,1,0
CON-001,2026-05-19,53,3,2,1,0
CON-001,2026-05-20,54,3,2,1,0
CON-001,2026-05-21,55,3,2,1,0
CON-001,2026-05-22,56,3,2,1,0
CON-001,2026-05-23,57,3,2,1,0
CON-001,2026-05-24,1,4,2,2,0
CON-001,2026-05-25,2,4,2,2,0
CON-001,2026-05-26,3,4,2,2,0
CON-001,2026-05-27,4,4,2,2,0
CON-001,2026-05-28,1,5,2,3,0
CON-001,2026-05-29,2,5,2,3,0
CON-001,2026-05-30,3,5,2,3,0
CON-001,2026-05-31,4,5,2,3,0
CON-001,2026-06-01,5,5,2,3,0
CON-001,2026-06-02,6,5,2,3,0
CON-001,2026-06-03,7,5,2,3,0
CON-001,2026-06-04,8,5,2,3,0
CON-001,2026-06-05,9,5,2,3,0
CON-001,2026-06-06,10,5,2,3,0
CON-001,2026-06-07,11,5,2,3,0
CON-001,2026-06-08,12,5,2,3,0
CON-001,2026-06-09,13,5,2,3,0
CON-001,2026-06-10,14,5,2,3,0
CON-001,2026-06-11,15,5,2,3,0
CON-001,2026-06-12,16,5,2,3,0
CON-001,2026-06-13,17,5,2,3,0
CON-001,2026-06-14,18,5,2,3,0
CON-001,2026-06-15,19,5,2,3,0
CON-001,2026-06-16,20,5,2,3,0
CON-001,2026-06-17,21,5,2,3,0
CON-001,2026-06-18,22,5,2,3,0
CON-001,2026-06-19,23,5,2,3,0
CON-001,2026-06-20,24,5,2,3,0
CON-001,2026-06-21,25,5,2,3,0
CON-001,2026-06-22,26,5,2,3,0
CON-001,2026-06-23,27,5,2,3,0
CON-001,2026-06-24,28,5,2,3,0
CON-001,2026-06-25,29,5,2,3,0
CON-001,2026-06-26,30,5,2,3,0
CON-001,2026-06-27,31,5,2,3,0
CON-001,2026-06-28,32,5,2,3,0
CON-001,2026-06-29,33,5,2,3,0
CON-001,2026-06-30,34,5,2,3,0
CON-001,2026-07-01,35,5,2,3,0
CON-001,2026-07-02,36,5,2,3,0
CON-001,2026-07-03,37,5,2,3,0
CON-001,2026-07-04,38,5,2,3,0
CON-001,2026-07-05,39,5,2,3,0
CON-001,2026-07-06,40,5,2,3,0
CON-001,2026-07-07,41,5,2,3,0
CON-001,2026-07-08,42,5,2,3,0
CON-001,2026-07-09,43,5,2,3,0
CON-001,2026-07-10,44,5,2,3,0
CON-001,2026-07-11,45,5,2,3,0
CON-001,2026-07-12,46,5,2,3,0
CON-001,2026-07-13,47,5,2,3,0
CON-001,2026-07-14,48,5,2,3,0
CON-001,2026-07-15,49,5,2,3,0
CON-001,2026-07-16,50,5,2,3,0
CON-001,2026-07-17,1,6,2,4,0
CON-001,2026-07-18,2,6,2,4,0
CON-001,2026-07-19,3,6,2,4,0
CON-001,2026-07-20,4,6,2,4,0
CON-001,2026-07-21,5,6,2,4,0
CON-001,2026-07-22,6,6,2,4,0
CON-001,2026-07-23,7,6,2,4,0
CON-001,2026-07-24,8,6,2,4,0
CON-001,2026-07-25,9,6,2,4,0
CON-001,2026-07-26,1,7,2,5,0
CON-001,2026-07-27,2,7,2,5,0
CON-001,2026-07-28,3,7,2,5,0
CON-001,2026-07-29,4,7,2,5,0
CON-001,2026-07-30,5,7,2,5,0
CON-001,2026-07-31,6,7,2,5,0
CON-001,2026-08-01,7,7,2,5,0
CON-001,2026-08-02,8,7,2,5,0
CON-001,2026-08-03,9,7,2,5,0
CON-001,2026-08-04,10,7,2,5,0
CON-001,2026-08-05,11,7,2,5,0
CON-001,2026-08-06,12,7,2,5,0
CON-001,2026-08-07,13,7,2,5,0
CON-001,2026-08-08,14,7,2,5,0
CON-001,2026-08-09,15,7,2,5,0
CON-001,2026-08-10,16,7,2,5,0
CON-001,2026-08-11,17,7,2,5,0
CON-001,2026-08-12,18,7,2,5,0
CON-001,2026-08-13,19,7,2,5,0
CON-001,2026-08-14,20,7,2,5,0
CON-001,2026-08-15,21,7,2,5,0
CON-001,2026-08-16,22,7,2,5,0
CON-001,2026-08-17,23,7,2,5,0
CON-001,2026-08-18,24,7,2,5,0
CON-001,2026-08-19,25,7,2,5,0
CON-001,2026-08-20,26,7,2,5,0
CON-001,2026-08-21,27,7,2,5,0
CON-001,2026-08-22,28,7,2,5,0
CON-001,2026-08-23,29,7,2,5,0
CON-001,2026-08-24,30,7,2,5,0
CON-001,2026-08-25,31,7,2,5,0
CON-001,2026-08-26,32,7,2,5,0
CON-001,2026-08-27,33,7,2,5,0
CON-001,2026-08-28,34,7,2,5,0
CON-001,2026-08-29,35,7,2,5,0
CON-001,2026-08-30,36,7,2,5,0
CON-001,2026-08-31,37,7,2,5,0
CON-001,2026-09-01,38,7,2,5,0
CON-001,2026-09-02,39,7,2,5,0
CON-001,2026-09-03,40,7,2,5,0
CON-001,2026-09-04,1,8,2,6,0
CON-001,2026-09-05,2,8,2,6,0
CON-001,2026-09-06,3,8,2,6,0
CON-001,2026-09-07,4,8,2,6,0
CON-001,2026-09-08,5,8,2,6,0
CON-001,2026-09-09,6,8,2,6,0
CON-001,2026-09-10,7,8,2,6,0
CON-001,2026-09-11,8,8,2,6,0
CON-001,2026-09-12,9,8,2,6,0
CON-001,2026-09-13,10,8,2,6,0
CON-001,2026-09-14,11,8,2,6,0
CON-001,2026-09-15,12,8,2,6,0
CON-001,2026-09-16,13,8,2,6,0
CON-001,2026-09-17,14,8,2,6,0
CON-001,2026-09-18,15,8,2,6,0
CON-001,2026-09-19,16,8,2,6,0
CON-001,2026-09-20,17,8,2,6,0
CON-001,2026-09-21,18,8,2,6,0
CON-001,2026-09-22,19,8,2,6,0
CON-001,2026-09-23,20,8,2,6,0
CON-001,2026-09-24,21,8,2,6,0
CON-001,2026-09-25,22,8,2,6,0
CON-001,2026-09-26,23,8,2,6,0
CON-001,2026-09-27,24,8,2,6,0
CON-001,2026-09-28,25,8,2,6,0
CON-001,2026-09-29,26,8,2,6,0
CON-001,2026-09-30,27,8,2,6,0
LAB-001,2026-01-01,-1,0,0,0,0
LAB-001,2026-01-02,-1,0,0,0,0
LAB-001,2026-01-03,-1,0,0,0,0
LAB-001,2026-01-04,-1,0,0,0,0
LAB-001,2026-01-05,-1,0,0,0,0
LAB-001,2026-01-06,-1,0,0,0,0
LAB-001,2026-01-07,-1,0,0,0,0
LAB-001,2026-01-08,-1,0,0,0,0
LAB-001,2026-01-09,-1,0,0,0,0
LAB-001,2026-01-10,-1,0,0,0,0
LAB-001,2026-01-11,-1,0,0,0,0
LAB-001,2026-01-12,-1,0,0,0,0
LAB-001,2026-01-13,-1,0,0,0,0
LAB-001,2026-01-14,-1,0,0,0,0
LAB-001,2026-01-15,-1,0,0,0,0
LAB-001,2026-01-16,-1,0,0,0,0
LAB-001,2026-01-17,-1,0,0,0,0
LAB-001,2026-01-18,-1,0,0,0,0
LAB-001,2026-01-19,-1,0,0,0,0
LAB-001,2026-01-20,-1,0,0,0,0
LAB-001,2026-01-21,-1,0,0,0,0
LAB-001,2026-01-22,-1,0,0,0,0
LAB-001,2026-01-23,-1,0,0,0,0
LAB-001,2026-01-24,-1,0,0,0,0
LAB-001,2026-01-25,-1,0,0,0,0
LAB-001,2026-01-26,-1,0,0,0,0
LAB-001,2026-01-27,-1,0,0,0,0
LAB-001,2026-01-28,-1,0,0,0,0
LAB-001,2026-01-29,1,1,1,0,0
LAB-001,2026-01-30,2,1,1,0,0
LAB-001,2026-01-31,3,1,1,0,0
LAB-001,2026-02-01,4,1,1,0,0
LAB-001,2026-02-02,5,1,1,0,0
LAB-001,2026-02-03,6,1,1,0,0
LAB-001,2026-02-04,7,1,1,0,0
LAB-001,2026-02-05,8,1,1,0,0
LAB-001,2026-02-06,9,1,1,0,0
LAB-001,2026-02-07,10,1,1,0,0
LAB-001,2026-02-08,11,1,1,0,0
LAB-001,2026-02-09,12,1,1,0,0
LAB-001,2026-02-10,13,1,1,0,0
LAB-001,2026-02-11,14,1,1,0,0
LAB-001,2026-02-12,15,1,1,0,0
LAB-001,2026-02-13,16,1,1,0,0
LAB-001,2026-02-14,17,1,1,0,0
LAB-001,2026-02-15,18,1,1,0,0
LAB-001,2026-02-16,19,1,1,0,0
LAB-001,2026-02-17,20,1,1,0,0
LAB-001,2026-02-18,21,1,1,0,0
LAB-001,2026-02-19,22,1,1,0,0
LAB-001,2026-02-20,23,1,1,0,0
LAB-001,2026-02-21,24,1,1,0,0
LAB-001,2026-02-22,25,1,1,0,0
LAB-001,2026-02-23,26,1,1,0,0
LAB-001,2026-02-24,27,1,1,0,0
LAB-001,2026-02-25,28,1,1,0,0
LAB-001,2026-02-26,29,1,1,0,0
LAB-001,2026-02-27,30,1,1,0,0
LAB-001,2026-02-28,31,1,1,0,0
LAB-001,2026-03-01,32,1,1,0,0
LAB-001,2026-03-02,33,1,1,0,0
LAB-001,2026-03-03,34,1,1,0,0
LAB-001,2026-03-04,35,1,1,0,0
LAB-001,2026-03-05,36,1,1,0,0
LAB-001,2026-03-06,37,1,1,0,0
LAB-001,2026-03-07,38,1,1,0,0
LAB-001,2026-03-08,39,1,1,0,0
LAB-001,2026-03-09,40,1,1,0,0
LAB-001,2026-03-10,1,2,1,1,0
LAB-001,2026-03-11,2,2,1,1,0
LAB-001,2026-03-12,3,2,1,1,0
LAB-001,2026-03-13,4,2,1,1,0
LAB-001,2026-03-14,5,2,1,1,0
LAB-001,2026-03-15,6,2,1,1,0
LAB-001,2026-03-16,7,2,1,1,0
LAB-001,2026-03-17,8,2,1,1,0
LAB-001,2026-03-18,9,2,1,1,0
LAB-001,2026-03-19,10,2,1,1,0
LAB-001,2026-03-20,11,2,1,1,0
LAB-001,2026-03-21,12,2,1,1,0
LAB-001,2026-03-22,13,2,1,1,0
LAB-001,2026-03-23,14,2,1,1,0
LAB-001,2026-03-24,15,2,1,1,0
LAB-001,2026-03-25,16,2,1,1,0
LAB-001,2026-03-26,17,2,1,1,0
LAB-001,2026-03-27,18,2,1,1,0
LAB-001,2026-03-28,19,2,1,1,0
LAB-001,2026-03-29,20,2,1,1,0
LAB-001,2026-03-30,21,2,1,1,0
LAB-001,2026-03-31,22,2,1,1,0
LAB-001,2026-04-01,23,2,1,1,0
LAB-001,2026-04-02,24,2,1,1,0
LAB-001,2026-04-03,25,2,1,1,0
LAB-001,2026-04-04,26,2,1,1,0
LAB-001,2026-04-05,27,2,1,1,0
LAB-001,2026-04-06,28,2,1,1,0
LAB-001,2026-04-07,29,2,1,1,0
LAB-001,2026-04-08,30,2,1,1,0
LAB-001,2026-04-09,31,2,1,1,0
LAB-001,2026-04-10,32,2,1,1,0
LAB-001,2026-04-11,33,2,1,1,0
LAB-001,2026-04-12,34,2,1,1,0
LAB-001,2026-04-13,35,2,1,1,0
LAB-001,2026-04-14,36,2,1,1,0
LAB-001,2026-04-15,37,2,1,1,0
LAB-001,2026-04-16,38,2,1,1,0
LAB-001,2026-04-17,39,2,1,1,0
LAB-001,2026-04-18,1,3,1,2,0
LAB-001,2026-04-19,2,3,1,2,0
LAB-001,2026-04-20,3,3,1,2,0
LAB-001,2026-04-21,4,3,1,2,0
LAB-001,2026-04-22,5,3,1,2,0
LAB-001,2026-04-23,6,3,1,2,0
LAB-001,2026-04-24,7,3,1,2,0
LAB-001,2026-04-25,8,3,1,2,0
LAB-001,2026-04-26,9,3,1,2,0
LAB-001,2026-04-27,10,3,1,2,0
LAB-001,2026-04-28,11,3,1,2,0
LAB-001,2026-04-29,12,3,1,2,0
LAB-001,2026-04-30,13,3,1,2,0
LAB-001,2026-05-01,14,3,1,2,0
LAB-001,2026-05-02,15,3,1,2,0
LAB-001,2026-05-03,16,3,1,2,0
LAB-001,2026-05-04,17,3,1,2,0
LAB-001,2026-05-05,18,3,1,2,0
LAB-001,2026-05-06,19,3,1,2,0
LAB-001,2026-05-07,20,3,1,2,0
LAB-001,2026-05-08,21,3,1,2,0
LAB-001,2026-05-09,22,3,1,2,0
LAB-001,2026-05-10,23,3,1,2,0
LAB-001,2026-05-11,24,3,1,2,0
LAB-001,2026-05-12,25,3,1,2,0
LAB-001,2026-05-13,26,3,1,2,0
LAB-001,2026-05-14,27,3,1,2,0
LAB-001,2026-05-15,28,3,1,2,0
LAB-001,2026-05-16,29,3,1,2,0
LAB-001,2026-05-17,30,3,1,2,0
LAB-001,2026-05-18,1,4,1,3,0
LAB-001,2026-05-19,2,4,1,3,0
LAB-001,2026-05-20,3,4,1,3,0
LAB-001,2026-05-21,4,4,1,3,0
LAB-001,2026-05-22,5,4,1,3,0
LAB-001,2026-05-23,6,4,1,3,0
LAB-001,2026-05-24,7,4,1,3,0
LAB-001,2026-05-25,8,4,1,3,0
LAB-001,2026-05-26,1,5,1,4,0
LAB-001,2026-05-27,2,5,1,4,0
LAB-001,2026-05-28,3,5,1,4,0
LAB-001,2026-05-29,4,5,1,4,0
LAB-001,2026-05-30,5,5,1,4,0
LAB-001,2026-05-31,6,5,1,4,0
LAB-001,2026-06-01,7,5,1,4,0
LAB-001,2026-06-02,8,5,1,4,0
LAB-001,2026-06-03,9,5,1,4,0
LAB-001,2026-06-04,10,5,1,4,0
LAB-001,2026-06-05,11,5,1,4,0
LAB-001,2026-06-06,12,5,1,4,0
LAB-001,2026-06-07,13,5,1,4,0
LAB-001,2026-06-08,14,5,1,4,0
LAB-001,2026-06-09,15,5,1,4,0
LAB-001,2026-06-10,16,5,1,4,0
LAB-001,2026-06-11,17,5,1,4,0
LAB-001,2026-06-12,18,5,1,4,0
LAB-001,2026-06-13,19,5,1,4,0
LAB-001,2026-06-14,20,5,1,4,0
LAB-001,2026-06-15,21,5,1,4,0
LAB-001,2026-06-16,22,5,1,4,0
LAB-001,2026-06-17,23,5,1,4,0
LAB-001,2026-06-18,24,5,1,4,0
LAB-001,2026-06-19,25,5,1,4,0
LAB-001,2026-06-20,26,5,1,4,0
LAB-001,2026-06-21,27,5,1,4,0
LAB-001,2026-06-22,28,5,1,4,0
LAB-001,2026-06-23,29,5,1,4,0
LAB-001,2026-06-24,30,5,1,4,0
LAB-001,2026-06-25,31,5,1,4,0
LAB-001,2026-06-26,32,5,1,4,0
LAB-001,2026-06-27,33,5,1,4,0
LAB-001,2026-06-28,34,5,1,4,0
LAB-001,2026-06-29,35,5,1,4,0
LAB-001,2026-06-30,36,5,1,4,0
LAB-001,2026-07-01,37,5,1,4,0
LAB-001,2026-07-02,38,5,1,4,0
LAB-001,2026-07-03,39,5,1,4,0
LAB-001,2026-07-04,40,5,1,4,0
LAB-001,2026-07-05,41,5,1,4,0
LAB-001,2026-07-06,42,5,1,4,0
LAB-001,2026-07-07,43,5,1,4,0
LAB-001,2026-07-08,44,5,1,4,0
LAB-001,2026-07-09,45,5,1,4,0
LAB-001,2026-07-10,46,5,1,4,0
LAB-001,2026-07-11,47,5,1,4,0
LAB-001,2026-07-12,48,5,1,4,0
LAB-001,2026-07-13,49,5,1,4,0
LAB-001,2026-07-14,50,5,1,4,0
LAB-001,2026-07-15,51,5,1,4,0
LAB-001,2026-07-16,52,5,1,4,0
LAB-001,2026-07-17,53,5,1,4,0
LAB-001,2026-07-18,54,5,1,4,0
LAB-001,2026-07-19,55,5,1,4,0
LAB-001,2026-07-20,56,5,1,4,0
LAB-001,2026-07-21,57,5,1,4,0
LAB-001,2026-07-22,58,5,1,4,0
LAB-001,2026-07-23,59,5,1,4,0
LAB-001,2026-07-24,1,6,1,5,0
LAB-001,2026-07-25,2,6,1,5,0
LAB-001,2026-07-26,3,6,1,5,0
LAB-001,2026-07-27,4,6,1,5,0
LAB-001,2026-07-28,5,6,1,5,0
LAB-001,2026-07-29,6,6,1,5,0
LAB-001,2026-07-30,7,6,1,5,0
LAB-001,2026-07-31,8,6,1,5,0
LAB-001,2026-08-01,9,6,1,5,0
LAB-001,2026-08-02,10,6,1,5,0
LAB-001,2026-08-03,11,6,1,5,0
LAB-001,2026-08-04,12,6,1,5,0
LAB-001,2026-08-05,13,6,1,5,0
LAB-001,2026-08-06,14,6,1,5,0
LAB-001,2026-08-07,15,6,1,5,0
LAB-001,2026-08-08,16,6,1,5,0
LAB-001,2026-08-09,17,6,1,5,0
LAB-001,2026-08-10,18,6,1,5,0
LAB-001,2026-08-11,19,6,1,5,0
LAB-001,2026-08-12,20,6,1,5,0
LAB-001,2026-08-13,21,6,1,5,0
LAB-001,2026-08-14,22,6,1,5,0
LAB-001,2026-08-15,23,6,1,5,0
LAB-001,2026-08-16,24,6,1,5,0
LAB-001,2026-08-17,25,6,1,5,0
LAB-001,2026-08-18,26,6,1,5,0
LAB-001,2026-08-19,27,6,1,5,0
LAB-001,2026-08-20,28,6,1,5,0
LAB-001,2026-08-21,29,6,1,5,0
LAB-001,2026-08-22,30,6,1,5,0
LAB-001,2026-08-23,31,6,1,5,0
LAB-001,2026-08-24,32,6,1,5,0
LAB-001,2026-08-25,33,6,1,5,0
LAB-001,2026-08-26,34,6,1,5,0
LAB-001,2026-08-27,35,6,1,5,0
LAB-001,2026-08-28,36,6,1,5,0
LAB-001,2026-08-29,37,6,1,5,0
LAB-001,2026-08-30,38,6,1,5,0
LAB-001,2026-08-31,1,7,1,6,0
LAB-001,2026-09-01,2,7,1,6,0
LAB-001,2026-09-02,3,7,1,6,0
LAB-001,2026-09-03,4,7,1,6,0
LAB-001,2026-09-04,5,7,1,6,0
LAB-001,2026-09-05,6,7,1,6,0
LAB-001,2026-09-06,7,7,1,6,0
LAB-001,2026-09-07,8,7,1,6,0
LAB-001,2026-09-08,9,7,1,6,0
LAB-001,2026-09-09,10,7,1,6,0
LAB-001,2026-09-10,11,7,1,6,0
LAB-001,2026-09-11,12,7,1,6,0
LAB-001,2026-09-12,13,7,1,6,0
LAB-001,2026-09-13,14,7,1,6,0
LAB-001,2026-09-14,15,7,1,6,0
LAB-001,2026-09-15,16,7,1,6,0
LAB-001,2026-09-16,17,7,1,6,0
LAB-001,2026-09-17,18,7,1,6,0
LAB-001,2026-09-18,19,7,1,6,0
LAB-001,2026-09-19,20,7,1,6,0
LAB-001,2026-09-20,21,7,1,6,0
LAB-001,2026-09-21,22,7,1,6,0
LAB-001,2026-09-22,23,7,1,6,0
LAB-001,2026-09-23,24,7,1,6,0
LAB-001,2026-09-24,25,7,1,6,0
LAB-001,2026-09-25,26,7,1,6,0
LAB-001,2026-09-26,27,7,1,6,0
LAB-001,2026-09-27,28,7,1,6,0
LAB-001,2026-09-28,29,7,1,6,0
LAB-001,2026-09-29,30,7,1,6,0
LAB-001,2026-09-30,31,7,1,6,0
PKG-001,2026-01-01,-1,0,0,0,0
PKG-001,2026-01-02,-1,0,0,0,0
PKG-001,2026-01-03,-1,0,0,0,0
PKG-001,2026-01-04,-1,0,0,0,0
PKG-001,2026-01-05,-1,0,0,0,0
PKG-001,2026-01-06,-1,0,0,0,0
PKG-001,2026-01-07,-1,0,0,0,0
PKG-001,2026-01-08,-1,0,0,0,0
PKG-001,2026-01-09,-1,0,0,0,0
PKG-001,2026-01-10,-1,0,0,0,0
PKG-001,2026-01-11,-1,0,0,0,0
PKG-001,2026-01-12,-1,0,0,0,0
PKG-001,2026-01-13,-1,0,0,0,0
PKG-001,2026-01-14,-1,0,0,0,0
PKG-001,2026-01-15,-1,0,0,0,0
PKG-001,2026-01-16,-1,0,0,0,0
PKG-001,2026-01-17,-1,0,0,0,0
PKG-001,2026-01-18,-1,0,0,0,0
PKG-001,2026-01-19,-1,0,0,0,0
PKG-001,2026-01-20,-1,0,0,0,0
PKG-001,2026-01-21,-1,0,0,0,0
PKG-001,2026-01-22,-1,0,0,0,0
PKG-001,2026-01-23,-1,0,0,0,0
PKG-001,2026-01-24,-1,0,0,0,0
PKG-001,2026-01-25,-1,0,0,0,0
PKG-001,2026-01-26,-1,0,0,0,0
PKG-001,2026-01-27,-1,0,0,0,0
PKG-001,2026-01-28,-1,0,0,0,0
PKG-001,2026-01-29,-1,0,0,0,0
PKG-001,2026-01-30,-1,0,0,0,0
PKG-001,2026-01-31,-1,0,0,0,0
PKG-001,2026-02-01,-1,0,0,0,0
PKG-001,2026-02-02,-1,0,0,0,0
PKG-001,2026-02-03,-1,0,0,0,0
PKG-001,2026-02-04,-1,0,0,0,0
PKG-001,2026-02-05,-1,0,0,0,0
PKG-001,2026-02-06,-1,0,0,0,0
PKG-001,2026-02-07,1,1,0,1,0
PKG-001,2026-02-08,2,1,0,1,0
PKG-001,2026-02-09,3,1,0,1,0
PKG-001,2026-02-10,4,1,0,1,0
PKG-001,2026-02-11,5,1,0,1,0
PKG-001,2026-02-12,6,1,0,1,0
PKG-001,2026-02-13,7,1,0,1,0
PKG-001,2026-02-14,8,1,0,1,0
PKG-001,2026-02-15,9,1,0,1,0
PKG-001,2026-02-16,10,1,0,1,0
PKG-001,2026-02-17,11,1,0,1,0
PKG-001,2026-02-18,12,1,0,1,0
PKG-001,2026-02-19,13,1,0,1,0
PKG-001,2026-02-20,14,1,0,1,0
PKG-001,2026-02-21,15,1,0,1,0
PKG-001,2026-02-22,16,1,0,1,0
PKG-001,2026-02-23,17,1,0,1,0
PKG-001,2026-02-24,18,1,0,1,0
PKG-001,2026-02-25,19,1,0,1,0
PKG-001,2026-02-26,20,1,0,1,0
PKG-001,2026-02-27,21,1,0,1,0
PKG-001,2026-02-28,22,1,0,1,0
PKG-001,2026-03-01,23,1,0,1,0
PKG-001,2026-03-02,24,1,0,1,0
PKG-001,2026-03-03,25,1,0,1,0
PKG-001,2026-03-04,26,1,0,1,0
PKG-001,2026-03-05,27,1,0,1,0
PKG-001,2026-03-06,28,1,0,1,0
PKG-001,2026-03-07,29,1,0,1,0
PKG-001,2026-03-08,30,1,0,1,0
PKG-001,2026-03-09,31,1,0,1,0
PKG-001,2026-03-10,32,1,0,1,0
PKG-001,2026-03-11,33,1,0,1,0
PKG-001,2026-03-12,34,1,0,1,0
PKG-001,2026-03-13,35,1,0,1,0
PKG-001,2026-03-14,36,1,0,1,0
PKG-001,2026-03-15,37,1,0,1,0
PKG-001,2026-03-16,38,1,0,1,0
PKG-001,2026-03-17,39,1,0,1,0
PKG-001,2026-03-18,40,1,0,1,0
PKG-001,2026-03-19,41,1,0,1,0
PKG-001,2026-03-20,42,1,0,1,0
PKG-001,2026-03-21,43,1,0,1,0
PKG-001,2026-03-22,44,1,0,1,0
PKG-001,2026-03-23,45,1,0,1,0
PKG-001,2026-03-24,46,1,0,1,0
PKG-001,2026-03-25,47,1,0,1,0
PKG-001,2026-03-26,48,1,0,1,0
PKG-001,2026-03-27,49,1,0,1,0
PKG-001,2026-03-28,1,2,0,2,0
PKG-001,2026-03-29,2,2,0,2,0
PKG-001,2026-03-30,3,2,0,2,0
PKG-001,2026-03-31,4,2,0,2,0
PKG-001,2026-04-01,5,2,0,2,0
PKG-001,2026-04-02,6,2,0,2,0
PKG-001,2026-04-03,7,2,0,2,0
PKG-001,2026-04-04,8,2,0,2,0
PKG-001,2026-04-05,9,2,0,2,0
PKG-001,2026-04-06,10,2,0,2,0
PKG-001,2026-04-07,11,2,0,2,0
PKG-001,2026-04-08,12,2,0,2,0
PKG-001,2026-04-09,13,2,0,2,0
PKG-001,2026-04-10,14,2,0,2,0
PKG-001,2026-04-11,15,2,0,2,0
PKG-001,2026-04-12,16,2,0,2,0
PKG-001,2026-04-13,17,2,0,2,0
PKG-001,2026-04-14,18,2,0,2,0
PKG-001,2026-04-15,19,2,0,2,0
PKG-001,2026-04-16,20,2,0,2,0
PKG-001,2026-04-17,21,2,0,2,0
PKG-001,2026-04-18,22,2,0,2,0
PKG-001,2026-04-19,23,2,0,2,0
PKG-001,2026-04-20,24,2,0,2,0
PKG-001,2026-04-21,25,2,0,2,0
PKG-001,2026-04-22,26,2,0,2,0
PKG-001,2026-04-23,27,2,0,2,0
PKG-001,2026-04-24,28,2,0,2,0
PKG-001,2026-04-25,29,2,0,2,0
PKG-001,2026-04-26,30,2,0,2,0
PKG-001,2026-04-27,31,2,0,2,0
PKG-001,2026-04-28,32,2,0,2,0
PKG-001,2026-04-29,33,2,0,2,0
PKG-001,2026-04-30,34,2,0,2,0
PKG-001,2026-05-01,35,2,0,2,0
PKG-001,2026-05-02,36,2,0,2,0
PKG-001,2026-05-03,37,2,0,2,0
PKG-001,2026-05-04,38,2,0,2,0
PKG-001,2026-05-05,39,2,0,2,0
PKG-001,2026-05-06,40,2,0,2,0
PKG-001,2026-05-07,41,2,0,2,0
PKG-001,2026-05-08,42,2,0,2,0
PKG-001,2026-05-09,43,2,0,2,0
PKG-001,2026-05-10,44,2,0,2,0
PKG-001,2026-05-11,45,2,0,2,0
PKG-001,2026-05-12,46,2,0,2,0
PKG-001,2026-05-13,47,2,0,2,0
PKG-001,2026-05-14,48,2,0,2,0
PKG-001,2026-05-15,49,2,0,2,0
PKG-001,2026-05-16,50,2,0,2,0
PKG-001,2026-05-17,51,2,0,2,0
PKG-001,2026-05-18,52,2,0,2,0
PKG-001,2026-05-19,53,2,0,2,0
PKG-001,2026-05-20,54,2,0,2,0
PKG-001,2026-05-21,55,2,0,2,0
PKG-001,2026-05-22,56,2,0,2,0
PKG-001,2026-05-23,57,2,0,2,0
PKG-001,2026-05-24,58,2,0,2,0
PKG-001,2026-05-25,59,2,0,2,0
PKG-001,2026-05-26,60,2,0,2,0
PKG-001,2026-05-27,61,2,0,2,0
PKG-001,2026-05-28,62,2,0,2,0
PKG-001,2026-05-29,1,3,0,3,0
PKG-001,2026-05-30,2,3,0,3,0
PKG-001,2026-05-31,3,3,0,3,0
PKG-001,2026-06-01,4,3,0,3,0
PKG-001,2026-06-02,5,3,0,3,0
PKG-001,2026-06-03,6,3,0,3,0
PKG-001,2026-06-04,7,3,0,3,0
PKG-001,2026-06-05,8,3,0,3,0
PKG-001,2026-06-06,9,3,0,3,0
PKG-001,2026-06-07,10,3,0,3,0
PKG-001,2026-06-08,11,3,0,3,0
PKG-001,2026-06-09,12,3,0,3,0
PKG-001,2026-06-10,13,3,0,3,0
PKG-001,2026-06-11,14,3,0,3,0
PKG-001,2026-06-12,15,3,0,3,0
PKG-001,2026-06-13,16,3,0,3,0
PKG-001,2026-06-14,17,3,0,3,0
PKG-001,2026-06-15,18,3,0,3,0
PKG-001,2026-06-16,19,3,0,3,0
PKG-001,2026-06-17,20,3,0,3,0
PKG-001,2026-06-18,21,3,0,3,0
PKG-001,2026-06-19,1,4,0,4,0
PKG-001,2026-06-20,2,4,0,4,0
PKG-001,2026-06-21,3,4,0,4,0
PKG-001,2026-06-22,4,4,0,4,0
PKG-001,2026-06-23,5,4,0,4,0
PKG-001,2026-06-24,6,4,0,4,0
PKG-001,2026-06-25,7,4,0,4,0
PKG-001,2026-06-26,8,4,0,4,0
PKG-001,2026-06-27,9,4,0,4,0
PKG-001,2026-06-28,10,4,0,4,0
PKG-001,2026-06-29,11,4,0,4,0
PKG-001,2026-06-30,12,4,0,4,0
PKG-001,2026-07-01,13,4,0,4,0
PKG-001,2026-07-02,14,4,0,4,0
PKG-001,2026-07-03,15,4,0,4,0
PKG-001,2026-07-04,16,4,0,4,0
PKG-001,2026-07-05,17,4,0,4,0
PKG-001,2026-07-06,18,4,0,4,0
PKG-001,2026-07-07,19,4,0,4,0
PKG-001,2026-07-08,20,4,0,4,0
PKG-001,2026-07-09,21,4,0,4,0
PKG-001,2026-07-10,22,4,0,4,0
PKG-001,2026-07-11,23,4,0,4,0
PKG-001,2026-07-12,24,4,0,4,0
PKG-001,2026-07-13,25,4,0,4,0
PKG-001,2026-07-14,26,4,0,4,0
PKG-001,2026-07-15,27,4,0,4,0
PKG-001,2026-07-16,28,4,0,4,0
PKG-001,2026-07-17,29,4,0,4,0
PKG-001,2026-07-18,30,4,0,4,0
PKG-001,2026-07-19,31,4,0,4,0
PKG-001,2026-07-20,32,4,0,4,0
PKG-001,2026-07-21,33,4,0,4,0
PKG-001,2026-07-22,34,4,0,4,0
PKG-001,2026-07-23,35,4,0,4,0
PKG-001,2026-07-24,1,5,0,5,0
PKG-001,2026-07-25,2,5,0,5,0
PKG-001,2026-07-26,3,5,0,5,0
PKG-001,2026-07-27,4,5,0,5,0
PKG-001,2026-07-28,5,5,0,5,0
PKG-001,2026-07-29,6,5,0,5,0
PKG-001,2026-07-30,7,5,0,5,0
PKG-001,2026-07-31,8,5,0,5,0
PKG-001,2026-08-01,9,5,0,5,0
PKG-001,2026-08-02,10,5,0,5,0
PKG-001,2026-08-03,11,5,0,5,0
PKG-001,2026-08-04,12,5,0,5,0
PKG-001,2026-08-05,13,5,0,5,0
PKG-001,2026-08-06,14,5,0,5,0
PKG-001,2026-08-07,15,5,0,5,0
PKG-001,2026-08-08,16,5,0,5,0
PKG-001,2026-08-09,17,5,0,5,0
PKG-001,2026-08-10,1,6,0,6,0
PKG-001,2026-08-11,2,6,0,6,0
PKG-001,2026-08-12,3,6,0,6,0
PKG-001,2026-08-13,4,6,0,6,0
PKG-001,2026-08-14,5,6,0,6,0
PKG-001,2026-08-15,6,6,0,6,0
PKG-001,2026-08-16,7,6,0,6,0
PKG-001,2026-08-17,8,6,0,6,0
PKG-001,2026-08-18,9,6,0,6,0
PKG-001,2026-08-19,10,6,0,6,0
PKG-001,2026-08-20,11,6,0,6,0
PKG-001,2026-08-21,12,6,0,6,0
PKG-001,2026-08-22,13,6,0,6,0
PKG-001,2026-08-23,14,6,0,6,0
PKG-001,2026-08-24,15,6,0,6,0
PKG-001,2026-08-25,16,6,0,6,0
PKG-001,2026-08-26,17,6,0,6,0
PKG-001,2026-08-27,18,6,0,6,0
PKG-001,2026-08-28,19,6,0,6,0
PKG-001,2026-08-29,20,6,0,6,0
PKG-001,2026-08-30,21,6,0,6,0
PKG-001,2026-08-31,22,6,0,6,0
PKG-001,2026-09-01,23,6,0,6,0
PKG-001,2026-09-02,24,6,0,6,0
PKG-001,2026-09-03,25,6,0,6,0
PKG-001,2026-09-04,26,6,0,6,0
PKG-001,2026-09-05,27,6,0,6,0
PKG-001,2026-09-06,28,6,0,6,0
PKG-001,2026-09-07,29,6,0,6,0
PKG-001,2026-09-08,30,6,0,6,0
PKG-001,2026-09-09,31,6,0,6,0
PKG-001,2026-09-10,32,6,0,6,0
PKG-001,2026-09-11,33,6,0,6,0
PKG-001,2026-09-12,34,6,0,6,0
PKG-001,2026-09-13,35,6,0,6,0
PKG-001,2026-09-14,36,6,0,6,0
PKG-001,2026-09-15,37,6,0,6,0
PKG-001,2026-09-16,38,6,0,6,0
PKG-001,2026-09-17,39,6,0,6,0
PKG-001,2026-09-18,40,6,0,6,0
PKG-001,2026-09-19,41,6,0,6,0
PKG-001,2026-09-20,42,6,0,6,0
PKG-001,2026-09-21,43,6,0,6,0
PKG-001,2026-09-22,1,7,0,7,0
PKG-001,2026-09-23,2,7,0,7,0
PKG-001,2026-09-24,1,8,0,8,0
PKG-001,2026-09-25,2,8,0,8,0
PKG-001,2026-09-26,3,8,0,8,0
PKG-001,2026-09-27,4,8,0,8,0
PKG-001,2026-09-28,5,8,0,8,0
PKG-001,2026-09-29,6,8,0,8,0
PKG-001,2026-09-30,7,8,0,8,0
PRS-001,2026-01-01,-1,0,0,0,0
PRS-001,2026-01-02,-1,0,0,0,0
PRS-001,2026-01-03,-1,0,0,0,0
PRS-001,2026-01-04,-1,0,0,0,0
PRS-001,2026-01-05,-1,0,0,0,0
PRS-001,2026-01-06,-1,0,0,0,0
PRS-001,2026-01-07,-1,0,0,0,0
PRS-001,2026-01-08,-1,0,0,0,0
PRS-001,2026-01-09,-1,0,0,0,0
PRS-001,2026-01-10,-1,0,0,0,0
PRS-001,2026-01-11,-1,0,0,0,0
PRS-001,2026-01-12,-1,0,0,0,0
PRS-001,2026-01-13,-1,0,0,0,0
PRS-001,2026-01-14,-1,0,0,0,0
PRS-001,2026-01-15,-1,0,0,0,0
PRS-001,2026-01-16,-1,0,0,0,0
PRS-001,2026-01-17,-1,0,0,0,0
PRS-001,2026-01-18,-1,0,0,0,0
PRS-001,2026-01-19,-1,0,0,0,0
PRS-001,2026-01-20,-1,0,0,0,0
PRS-001,2026-01-21,-1,0,0,0,0
PRS-001,2026-01-22,-1,0,0,0,0
PRS-001,2026-01-23,-1,0,0,0,0
PRS-001,2026-01-24,-1,0,0,0,0
PRS-001,2026-01-25,-1,0,0,0,0
PRS-001,2026-01-26,-1,0,0,0,0
PRS-001,2026-01-27,-1,0,0,0,0
PRS-001,2026-01-28,-1,0,0,0,0
PRS-001,2026-01-29,-1,0,0,0,0
PRS-001,2026-01-30,-1,0,0,0,0
PRS-001,2026-01-31,-1,0,0,0,0
PRS-001,2026-02-01,-1,0,0,0,0
PRS-001,2026-02-02,-1,0,0,0,0
PRS-001,2026-02-03,-1,0,0,0,0
PRS-001,2026-02-04,-1,0,0,0,0
PRS-001,2026-02-05,1,1,0,1,0
PRS-001,2026-02-06,2,1,0,1,0
PRS-001,2026-02-07,3,1,0,1,0
PRS-001,2026-02-08,4,1,0,1,0
PRS-001,2026-02-09,5,1,0,1,0
PRS-001,2026-02-10,6,1,0,1,0
PRS-001,2026-02-11,7,1,0,1,0
PRS-001,2026-02-12,8,1,0,1,0
PRS-001,2026-02-13,9,1,0,1,0
PRS-001,2026-02-14,10,1,0,1,0
PRS-001,2026-02-15,11,1,0,1,0
PRS-001,2026-02-16,12,1,0,1,0
PRS-001,2026-02-17,13,1,0,1,0
PRS-001,2026-02-18,14,1,0,1,0
PRS-001,2026-02-19,15,1,0,1,0
PRS-001,2026-02-20,16,1,0,1,0
PRS-001,2026-02-21,17,1,0,1,0
PRS-001,2026-02-22,18,1,0,1,0
PRS-001,2026-02-23,19,1,0,1,0
PRS-001,2026-02-24,20,1,0,1,0
PRS-001,2026-02-25,21,1,0,1,0
PRS-001,2026-02-26,22,1,0,1,0
PRS-001,2026-02-27,23,1,0,1,0
PRS-001,2026-02-28,24,1,0,1,0
PRS-001,2026-03-01,25,1,0,1,0
PRS-001,2026-03-02,26,1,0,1,0
PRS-001,2026-03-03,27,1,0,1,0
PRS-001,2026-03-04,28,1,0,1,0
PRS-001,2026-03-05,29,1,0,1,0
PRS-001,2026-03-06,30,1,0,1,0
PRS-001,2026-03-07,31,1,0,1,0
PRS-001,2026-03-08,32,1,0,1,0
PRS-001,2026-03-09,33,1,0,1,0
PRS-001,2026-03-10,34,1,0,1,0
PRS-001,2026-03-11,35,1,0,1,0
PRS-001,2026-03-12,36,1,0,1,0
PRS-001,2026-03-13,1,2,0,2,0
PRS-001,2026-03-14,2,2,0,2,0
PRS-001,2026-03-15,3,2,0,2,0
PRS-001,2026-03-16,4,2,0,2,0
PRS-001,2026-03-17,5,2,0,2,0
PRS-001,2026-03-18,6,2,0,2,0
PRS-001,2026-03-19,7,2,0,2,0
PRS-001,2026-03-20,8,2,0,2,0
PRS-001,2026-03-21,9,2,0,2,0
PRS-001,2026-03-22,10,2,0,2,0
PRS-001,2026-03-23,11,2,0,2,0
PRS-001,2026-03-24,12,2,0,2,0
PRS-001,2026-03-25,13,2,0,2,0
PRS-001,2026-03-26,14,2,0,2,0
PRS-001,2026-03-27,15,2,0,2,0
PRS-001,2026-03-28,16,2,0,2,0
PRS-001,2026-03-29,17,2,0,2,0
PRS-001,2026-03-30,18,2,0,2,0
PRS-001,2026-03-31,19,2,0,2,0
PRS-001,2026-04-01,20,2,0,2,0
PRS-001,2026-04-02,21,2,0,2,0
PRS-001,2026-04-03,22,2,0,2,0
PRS-001,2026-04-04,1,3,1,2,0
PRS-001,2026-04-05,2,3,1,2,0
PRS-001,2026-04-06,3,3,1,2,0
PRS-001,2026-04-07,4,3,1,2,0
PRS-001,2026-04-08,5,3,1,2,0
PRS-001,2026-04-09,6,3,1,2,0
PRS-001,2026-04-10,7,3,1,2,0
PRS-001,2026-04-11,8,3,1,2,0
PRS-001,2026-04-12,9,3,1,2,0
PRS-001,2026-04-13,10,3,1,2,0
PRS-001,2026-04-14,11,3,1,2,0
PRS-001,2026-04-15,12,3,1,2,0
PRS-001,2026-04-16,13,3,1,2,0
PRS-001,2026-04-17,14,3,1,2,0
PRS-001,2026-04-18,15,3,1,2,0
PRS-001,2026-04-19,16,3,1,2,0
PRS-001,2026-04-20,17,3,1,2,0
PRS-001,2026-04-21,18,3,1,2,0
PRS-001,2026-04-22,19,3,1,2,0
PRS-001,2026-04-23,20,3,1,2,0
PRS-001,2026-04-24,21,3,1,2,0
PRS-001,2026-04-25,22,3,1,2,0
PRS-001,2026-04-26,23,3,1,2,0
PRS-001,2026-04-27,24,3,1,2,0
PRS-001,2026-04-28,25,3,1,2,0
PRS-001,2026-04-29,26,3,1,2,0
PRS-001,2026-04-30,27,3,1,2,0
PRS-001,2026-05-01,28,3,1,2,0
PRS-001,2026-05-02,29,3,1,2,0
PRS-001,2026-05-03,30,3,1,2,0
PRS-001,2026-05-04,31,3,1,2,0
PRS-001,2026-05-05,32,3,1,2,0
PRS-001,2026-05-06,33,3,1,2,0
PRS-001,2026-05-07,34,3,1,2,0
PRS-001,2026-05-08,35,3,1,2,0
PRS-001,2026-05-09,36,3,1,2,0
PRS-001,2026-05-10,37,3,1,2,0
PRS-001,2026-05-11,38,3,1,2,0
PRS-001,2026-05-12,39,3,1,2,0
PRS-001,2026-05-13,40,3,1,2,0
PRS-001,2026-05-14,41,3,1,2,0
PRS-001,2026-05-15,42,3,1,2,0
PRS-001,2026-05-16,43,3,1,2,0
PRS-001,2026-05-17,44,3,1,2,0
PRS-001,2026-05-18,45,3,1,2,0
PRS-001,2026-05-19,1,4,1,3,0
PRS-001,2026-05-20,2,4,1,3,0
PRS-001,2026-05-21,3,4,1,3,0
PRS-001,2026-05-22,4,4,1,3,0
PRS-001,2026-05-23,5,4,1,3,0
PRS-001,2026-05-24,6,4,1,3,0
PRS-001,2026-05-25,7,4,1,3,0
PRS-001,2026-05-26,8,4,1,3,0
PRS-001,2026-05-27,9,4,1,3,0
PRS-001,2026-05-28,10,4,1,3,0
PRS-001,2026-05-29,11,4,1,3,0
PRS-001,2026-05-30,12,4,1,3,0
PRS-001,2026-05-31,13,4,1,3,0
PRS-001,2026-06-01,14,4,1,3,0
PRS-001,2026-06-02,15,4,1,3,0
PRS-001,2026-06-03,16,4,1,3,0
PRS-001,2026-06-04,17,4,1,3,0
PRS-001,2026-06-05,18,4,1,3,0
PRS-001,2026-06-06,19,4,1,3,0
PRS-001,2026-06-07,20,4,1,3,0
PRS-001,2026-06-08,21,4,1,3,0
PRS-001,2026-06-09,22,4,1,3,0
PRS-001,2026-06-10,23,4,1,3,0
PRS-001,2026-06-11,24,4,1,3,0
PRS-001,2026-06-12,25,4,1,3,0
PRS-001,2026-06-13,26,4,1,3,0
PRS-001,2026-06-14,27,4,1,3,0
PRS-001,2026-06-15,28,4,1,3,0
PRS-001,2026-06-16,29,4,1,3,0
PRS-001,2026-06-17,30,4,1,3,0
PRS-001,2026-06-18,31,4,1,3,0
PRS-001,2026-06-19,32,4,1,3,0
PRS-001,2026-06-20,33,4,1,3,0
PRS-001,2026-06-21,34,4,1,3,0
PRS-001,2026-06-22,35,4,1,3,0
PRS-001,2026-06-23,36,4,1,3,0
PRS-001,2026-06-24,37,4,1,3,0
PRS-001,2026-06-25,38,4,1,3,0
PRS-001,2026-06-26,39,4,1,3,0
PRS-001,2026-06-27,40,4,1,3,0
PRS-001,2026-06-28,41,4,1,3,0
PRS-001,2026-06-29,42,4,1,3,0
PRS-001,2026-06-30,43,4,1,3,0
PRS-001,2026-07-01,1,5,1,4,0
PRS-001,2026-07-02,2,5,1,4,0
PRS-001,2026-07-03,3,5,1,4,0
PRS-001,2026-07-04,4,5,1,4,0
PRS-001,2026-07-05,5,5,1,4,0
PRS-001,2026-07-06,6,5,1,4,0
PRS-001,2026-07-07,7,5,1,4,0
PRS-001,2026-07-08,8,5,1,4,0
PRS-001,2026-07-09,9,5,1,4,0
PRS-001,2026-07-10,10,5,1,4,0
PRS-001,2026-07-11,11,5,1,4,0
PRS-001,2026-07-12,12,5,1,4,0
PRS-001,2026-07-13,13,5,1,4,0
PRS-001,2026-07-14,14,5,1,4,0
PRS-001,2026-07-15,15,5,1,4,0
PRS-001,2026-07-16,16,5,1,4,0
PRS-001,2026-07-17,17,5,1,4,0
PRS-001,2026-07-18,18,5,1,4,0
PRS-001,2026-07-19,19,5,1,4,0
PRS-001,2026-07-20,20,5,1,4,0
PRS-001,2026-07-21,21,5,1,4,0
PRS-001,2026-07-22,22,5,1,4,0
PRS-001,2026-07-23,23,5,1,4,0
PRS-001,2026-07-24,24,5,1,4,0
PRS-001,2026-07-25,25,5,1,4,0
PRS-001,2026-07-26,26,5,1,4,0
PRS-001,2026-07-27,27,5,1,4,0
PRS-001,2026-07-28,28,5,1,4,0
PRS-001,2026-07-29,29,5,1,4,0
PRS-001,2026-07-30,30,5,1,4,0
PRS-001,2026-07-31,31,5,1,4,0
PRS-001,2026-08-01,32,5,1,4,0
PRS-001,2026-08-02,33,5,1,4,0
PRS-001,2026-08-03,34,5,1,4,0
PRS-001,2026-08-04,35,5,1,4,0
PRS-001,2026-08-05,36,5,1,4,0
PRS-001,2026-08-06,37,5,1,4,0
PRS-001,2026-08-07,38,5,1,4,0
PRS-001,2026-08-08,39,5,1,4,0
PRS-001,2026-08-09,40,5,1,4,0
PRS-001,2026-08-10,41,5,1,4,0
PRS-001,2026-08-11,42,5,1,4,0
PRS-001,2026-08-12,43,5,1,4,0
PRS-001,2026-08-13,44,5,1,4,0
PRS-001,2026-08-14,45,5,1,4,0
PRS-001,2026-08-15,46,5,1,4,0
PRS-001,2026-08-16,1,6,1,5,0
PRS-001,2026-08-17,2,6,1,5,0
PRS-001,2026-08-18,3,6,1,5,0
PRS-001,2026-08-19,4,6,1,5,0
PRS-001,2026-08-20,5,6,1,5,0
PRS-001,2026-08-21,6,6,1,5,0
PRS-001,2026-08-22,7,6,1,5,0
PRS-001,2026-08-23,8,6,1,5,0
PRS-001,2026-08-24,9,6,1,5,0
PRS-001,2026-08-25,10,6,1,5,0
PRS-001,2026-08-26,11,6,1,5,0
PRS-001,2026-08-27,12,6,1,5,0
PRS-001,2026-08-28,13,6,1,5,0
PRS-001,2026-08-29,14,6,1,5,0
PRS-001,2026-08-30,15,6,1,5,0
PRS-001,2026-08-31,16,6,1,5,0
PRS-001,2026-09-01,17,6,1,5,0
PRS-001,2026-09-02,18,6,1,5,0
PRS-001,2026-09-03,19,6,1,5,0
PRS-001,2026-09-04,20,6,1,5,0
PRS-001,2026-09-05,21,6,1,5,0
PRS-001,2026-09-06,22,6,1,5,0
PRS-001,2026-09-07,23,6,1,5,0
PRS-001,2026-09-08,24,6,1,5,0
PRS-001,2026-09-09,25,6,1,5,0
PRS-001,2026-09-10,26,6,1,5,0
PRS-001,2026-09-11,27,6,1,5,0
PRS-001,2026-09-12,28,6,1,5,0
PRS-001,2026-09-13,29,6,1,5,0
PRS-001,2026-09-14,30,6,1,5,0
PRS-001,2026-09-15,31,6,1,5,0
PRS-001,2026-09-16,32,6,1,5,0
PRS-001,2026-09-17,33,6,1,5,0
PRS-001,2026-09-18,34,6,1,5,0
PRS-001,2026-09-19,35,6,1,5,0
PRS-001,2026-09-20,36,6,1,5,0
PRS-001,2026-09-21,37,6,1,5,0
PRS-001,2026-09-22,38,6,1,5,0
PRS-001,2026-09-23,39,6,1,5,0
PRS-001,2026-09-24,40,6,1,5,0
PRS-001,2026-09-25,41,6,1,5,0
PRS-001,2026-09-26,42,6,1,5,0
PRS-001,2026-09-27,43,6,1,5,0
PRS-001,2026-09-28,44,6,1,5,0
PRS-001,2026-09-29,45,6,1,5,0
PRS-001,2026-09-30,46,6,1,5,0
ROB-001,2026-01-01,-1,0,0,0,0
ROB-001,2026-01-02,-1,0,0,0,0
ROB-001,2026-01-03,-1,0,0,0,0
ROB-001,2026-01-04,-1,0,0,0,0
ROB-001,2026-01-05,-1,0,0,0,0
ROB-001,2026-01-06,-1,0,0,0,0
ROB-001,2026-01-07,-1,0,0,0,0
ROB-001,2026-01-08,-1,0,0,0,0
ROB-001,2026-01-09,-1,0,0,0,0
ROB-001,2026-01-10,-1,0,0,0,0
ROB-001,2026-01-11,-1,0,0,0,0
ROB-001,2026-01-12,-1,0,0,0,0
ROB-001,2026-01-13,-1,0,0,0,0
ROB-001,2026-01-14,-1,0,0,0,0
ROB-001,2026-01-15,-1,0,0,0,0
ROB-001,2026-01-16,-1,0,0,0,0
ROB-001,2026-01-17,-1,0,0,0,0
ROB-001,2026-01-18,-1,0,0,0,0
ROB-001,2026-01-19,-1,0,0,0,0
ROB-001,2026-01-20,-1,0,0,0,0
ROB-001,2026-01-21,-1,0,0,0,0
ROB-001,2026-01-22,-1,0,0,0,0
ROB-001,2026-01-23,-1,0,0,0,0
ROB-001,2026-01-24,-1,0,0,0,0
ROB-001,2026-01-25,-1,0,0,0,0
ROB-001,2026-01-26,-1,0,0,0,0
ROB-001,2026-01-27,-1,0,0,0,0
ROB-001,2026-01-28,-1,0,0,0,0
ROB-001,2026-01-29,-1,0,0,0,0
ROB-001,2026-01-30,-1,0,0,0,0
ROB-001,2026-01-31,-1,0,0,0,0
ROB-001,2026-02-01,-1,0,0,0,0
ROB-001,2026-02-02,1,1,0,1,0
ROB-001,2026-02-03,2,1,0,1,0
ROB-001,2026-02-04,3,1,0,1,0
ROB-001,2026-02-05,4,1,0,1,0
ROB-001,2026-02-06,5,1,0,1,0
ROB-001,2026-02-07,6,1,0,1,0
ROB-001,2026-02-08,7,1,0,1,0
ROB-001,2026-02-09,8,1,0,1,0
ROB-001,2026-02-10,9,1,0,1,0
ROB-001,2026-02-11,10,1,0,1,0
ROB-001,2026-02-12,11,1,0,1,0
ROB-001,2026-02-13,12,1,0,1,0
ROB-001,2026-02-14,13,1,0,1,0
ROB-001,2026-02-15,14,1,0,1,0
ROB-001,2026-02-16,15,1,0,1,0
ROB-001,2026-02-17,16,1,0,1,0
ROB-001,2026-02-18,17,1,0,1,0
ROB-001,2026-02-19,18,1,0,1,0
ROB-001,2026-02-20,19,1,0,1,0
ROB-001,2026-02-21,20,1,0,1,0
ROB-001,2026-02-22,21,1,0,1,0
ROB-001,2026-02-23,22,1,0,1,0
ROB-001,2026-02-24,23,1,0,1,0
ROB-001,2026-02-25,24,1,0,1,0
ROB-001,2026-02-26,25,1,0,1,0
ROB-001,2026-02-27,26,1,0,1,0
ROB-001,2026-02-28,27,1,0,1,0
ROB-001,2026-03-01,28,1,0,1,0
ROB-001,2026-03-02,29,1,0,1,0
ROB-001,2026-03-03,30,1,0,1,0
ROB-001,2026-03-04,31,1,0,1,0
ROB-001,2026-03-05,32,1,0,1,0
ROB-001,2026-03-06,33,1,0,1,0
ROB-001,2026-03-07,1,2,0,2,0
ROB-001,2026-03-08,2,2,0,2,0
ROB-001,2026-03-09,3,2,0,2,0
ROB-001,2026-03-10,4,2,0,2,0
ROB-001,2026-03-11,5,2,0,2,0
ROB-001,2026-03-12,6,2,0,2,0
ROB-001,2026-03-13,7,2,0,2,0
ROB-001,2026-03-14,8,2,0,2,0
ROB-001,2026-03-15,9,2,0,2,0
ROB-001,2026-03-16,10,2,0,2,0
ROB-001,2026-03-17,11,2,0,2,0
ROB-001,2026-03-18,12,2,0,2,0
ROB-001,2026-03-19,13,2,0,2,0
ROB-001,2026-03-20,14,2,0,2,0
ROB-001,2026-03-21,15,2,0,2,0
ROB-001,2026-03-22,16,2,0,2,0
ROB-001,2026-03-23,17,2,0,2,0
ROB-001,2026-03-24,18,2,0,2,0
ROB-001,2026-03-25,19,2,0,2,0
ROB-001,2026-03-26,20,2,0,2,0
ROB-001,2026-03-27,21,2,0,2,0
ROB-001,2026-03-28,22,2,0,2,0
ROB-001,2026-03-29,23,2,0,2,0
ROB-001,2026-03-30,24,2,0,2,0
ROB-001,2026-03-31,25,2,0,2,0
ROB-001,2026-04-01,26,2,0,2,0
ROB-001,2026-04-02,27,2,0,2,0
ROB-001,2026-04-03,28,2,0,2,0
ROB-001,2026-04-04,29,2,0,2,0
ROB-001,2026-04-05,1,3,0,3,0
ROB-001,2026-04-06,2,3,0,3,0
ROB-001,2026-04-07,3,3,0,3,0
ROB-001,2026-04-08,4,3,0,3,0
ROB-001,2026-04-09,5,3,0,3,0
ROB-001,2026-04-10,6,3,0,3,0
ROB-001,2026-04-11,7,3,0,3,0
ROB-001,2026-04-12,8,3,0,3,0
ROB-001,2026-04-13,9,3,0,3,0
ROB-001,2026-04-14,10,3,0,3,0
ROB-001,2026-04-15,11,3,0,3,0
ROB-001,2026-04-16,12,3,0,3,0
ROB-001,2026-04-17,13,3,0,3,0
ROB-001,2026-04-18,14,3,0,3,0
ROB-001,2026-04-19,15,3,0,3,0
ROB-001,2026-04-20,16,3,0,3,0
ROB-001,2026-04-21,17,3,0,3,0
ROB-001,2026-04-22,18,3,0,3,0
ROB-001,2026-04-23,19,3,0,3,0
ROB-001,2026-04-24,20,3,0,3,0
ROB-001,2026-04-25,21,3,0,3,0
ROB-001,2026-04-26,22,3,0,3,0
ROB-001,2026-04-27,23,3,0,3,0
ROB-001,2026-04-28,24,3,0,3,0
ROB-001,2026-04-29,25,3,0,3,0
ROB-001,2026-04-30,26,3,0,3,0
ROB-001,2026-05-01,27,3,0,3,0
ROB-001,2026-05-02,28,3,0,3,0
ROB-001,2026-05-03,29,3,0,3,0
ROB-001,2026-05-04,30,3,0,3,0
ROB-001,2026-05-05,31,3,0,3,0
ROB-001,2026-05-06,32,3,0,3,0
ROB-001,2026-05-07,33,3,0,3,0
ROB-001,2026-05-08,34,3,0,3,0
ROB-001,2026-05-09,35,3,0,3,0
ROB-001,2026-05-10,36,3,0,3,0
ROB-001,2026-05-11,37,3,0,3,0
ROB-001,2026-05-12,38,3,0,3,0
ROB-001,2026-05-13,39,3,0,3,0
ROB-001,2026-05-14,40,3,0,3,0
ROB-001,2026-05-15,41,3,0,3,0
ROB-001,2026-05-16,42,3,0,3,0
ROB-001,2026-05-17,43,3,0,3,0
ROB-001,2026-05-18,44,3,0,3,0
ROB-001,2026-05-19,45,3,0,3,0
ROB-001,2026-05-20,46,3,0,3,0
ROB-001,2026-05-21,47,3,0,3,0
ROB-001,2026-05-22,48,3,0,3,0
ROB-001,2026-05-23,49,3,0,3,0
ROB-001,2026-05-24,50,3,0,3,0
ROB-001,2026-05-25,51,3,0,3,0
ROB-001,2026-05-26,1,4,0,4,0
ROB-001,2026-05-27,2,4,0,4,0
ROB-001,2026-05-28,3,4,0,4,0
ROB-001,2026-05-29,4,4,0,4,0
ROB-001,2026-05-30,5,4,0,4,0
ROB-001,2026-05-31,6,4,0,4,0
ROB-001,2026-06-01,7,4,0,4,0
ROB-001,2026-06-02,8,4,0,4,0
ROB-001,2026-06-03,9,4,0,4,0
ROB-001,2026-06-04,10,4,0,4,0
ROB-001,2026-06-05,11,4,0,4,0
ROB-001,2026-06-06,12,4,0,4,0
ROB-001,2026-06-07,13,4,0,4,0
ROB-001,2026-06-08,14,4,0,4,0
ROB-001,2026-06-09,15,4,0,4,0
ROB-001,2026-06-10,16,4,0,4,0
ROB-001,2026-06-11,17,4,0,4,0
ROB-001,2026-06-12,18,4,0,4,0
ROB-001,2026-06-13,19,4,0,4,0
ROB-001,2026-06-14,20,4,0,4,0
ROB-001,2026-06-15,21,4,0,4,0
ROB-001,2026-06-16,22,4,0,4,0
ROB-001,2026-06-17,23,4,0,4,0
ROB-001,2026-06-18,24,4,0,4,0
ROB-001,2026-06-19,25,4,0,4,0
ROB-001,2026-06-20,26,4,0,4,0
ROB-001,2026-06-21,27,4,0,4,0
ROB-001,2026-06-22,28,4,0,4,0
ROB-001,2026-06-23,29,4,0,4,0
ROB-001,2026-06-24,30,4,0,4,0
ROB-001,2026-06-25,31,4,0,4,0
ROB-001,2026-06-26,32,4,0,4,0
ROB-001,2026-06-27,33,4,0,4,0
ROB-001,2026-06-28,34,4,0,4,0
ROB-001,2026-06-29,35,4,0,4,0
ROB-001,2026-06-30,1,5,0,4,1
ROB-001,2026-07-01,2,5,0,4,1
ROB-001,2026-07-02,3,5,0,4,1
ROB-001,2026-07-03,4,5,0,4,1
ROB-001,2026-07-04,5,5,0,4,1
ROB-001,2026-07-05,6,5,0,4,1
ROB-001,2026-07-06,7,5,0,4,1
ROB-001,2026-07-07,8,5,0,4,1
ROB-001,2026-07-08,9,5,0,4,1
ROB-001,2026-07-09,10,5,0,4,1
ROB-001,2026-07-10,11,5,0,4,1
ROB-001,2026-07-11,12,5,0,4,1
ROB-001,2026-07-12,13,5,0,4,1
ROB-001,2026-07-13,14,5,0,4,1
ROB-001,2026-07-14,15,5,0,4,1
ROB-001,2026-07-15,16,5,0,4,1
ROB-001,2026-07-16,17,5,0,4,1
ROB-001,2026-07-17,18,5,0,4,1
ROB-001,2026-07-18,19,5,0,4,1
ROB-001,2026-07-19,20,5,0,4,1
ROB-001,2026-07-20,21,5,0,4,1
ROB-001,2026-07-21,22,5,0,4,1
ROB-001,2026-07-22,23,5,0,4,1
ROB-001,2026-07-23,24,5,0,4,1
ROB-001,2026-07-24,25,5,0,4,1
ROB-001,2026-07-25,26,5,0,4,1
ROB-001,2026-07-26,27,5,0,4,1
ROB-001,2026-07-27,28,5,0,4,1
ROB-001,2026-07-28,29,5,0,4,1
ROB-001,2026-07-29,30,5,0,4,1
ROB-001,2026-07-30,31,5,0,4,1
ROB-001,2026-07-31,1,6,0,5,1
ROB-001,2026-08-01,2,6,0,5,1
ROB-001,2026-08-02,3,6,0,5,1
ROB-001,2026-08-03,4,6,0,5,1
ROB-001,2026-08-04,5,6,0,5,1
ROB-001,2026-08-05,6,6,0,5,1
ROB-001,2026-08-06,7,6,0,5,1
ROB-001,2026-08-07,8,6,0,5,1
ROB-001,2026-08-08,9,6,0,5,1
ROB-001,2026-08-09,10,6,0,5,1
ROB-001,2026-08-10,11,6,0,5,1
ROB-001,2026-08-11,12,6,0,5,1
ROB-001,2026-08-12,13,6,0,5,1
ROB-001,2026-08-13,14,6,0,5,1
ROB-001,2026-08-14,15,6,0,5,1
ROB-001,2026-08-15,16,6,0,5,1
ROB-001,2026-08-16,17,6,0,5,1
ROB-001,2026-08-17,18,6,0,5,1
ROB-001,2026-08-18,19,6,0,5,1
ROB-001,2026-08-19,20,6,0,5,1
ROB-001,2026-08-20,21,6,0,5,1
ROB-001,2026-08-21,22,6,0,5,1
ROB-001,2026-08-22,23,6,0,5,1
ROB-001,2026-08-23,24,6,0,5,1
ROB-001,2026-08-24,25,6,0,5,1
ROB-001,2026-08-25,26,6,0,5,1
ROB-001,2026-08-26,27,6,0,5,1
ROB-001,2026-08-27,28,6,0,5,1
ROB-001,2026-08-28,29,6,0,5,1
ROB-001,2026-08-29,30,6,0,5,1
ROB-001,2026-08-30,31,6,0,5,1
ROB-001,2026-08-31,32,6,0,5,1
ROB-001,2026-09-01,33,6,0,5,1
ROB-001,2026-09-02,34,6,0,5,1
ROB-001,2026-09-03,35,6,0,5,1
ROB-001,2026-09-04,36,6,0,5,1
ROB-001,2026-09-05,37,6,0,5,1
ROB-001,2026-09-06,38,6,0,5,1
ROB-001,2026-09-07,1,7,0,6,1
ROB-001,2026-09-08,2,7,0,6,1
ROB-001,2026-09-09,3,7,0,6,1
ROB-001,2026-09-10,4,7,0,6,1
ROB-001,2026-09-11,5,7,0,6,1
ROB-001,2026-09-12,6,7,0,6,1
ROB-001,2026-09-13,7,7,0,6,1
ROB-001,2026-09-14,8,7,0,6,1
ROB-001,2026-09-15,9,7,0,6,1
ROB-001,2026-09-16,10,7,0,6,1
ROB-001,2026-09-17,11,7,0,6,1
ROB-001,2026-09-18,12,7,0,6,1
ROB-001,2026-09-19,13,7,0,6,1
ROB-001,2026-09-20,14,7,0,6,1
ROB-001,2026-09-21,15,7,0,6,1
ROB-001,2026-09-22,16,7,0,6,1
ROB-001,2026-09-23,17,7,0,6,1
ROB-001,2026-09-24,18,7,0,6,1
ROB-001,2026-09-25,19,7,0,6,1
ROB-001,2026-09-26,20,7,0,6,1
ROB-001,2026-09-27,21,7,0,6,1
ROB-001,2026-09-28,22,7,0,6,1
ROB-001,2026-09-29,23,7,0,6,1
ROB-001,2026-09-30,24,7,0,6,1
ROB-002,2026-01-01,-1,0,0,0,0
ROB-002,2026-01-02,-1,0,0,0,0
ROB-002,2026-01-03,-1,0,0,0,0
ROB-002,2026-01-04,-1,0,0,0,0
ROB-002,2026-01-05,-1,0,0,0,0
ROB-002,2026-01-06,-1,0,0,0,0
ROB-002,2026-01-07,-1,0,0,0,0
ROB-002,2026-01-08,-1,0,0,0,0
ROB-002,2026-01-09,-1,0,0,0,0
ROB-002,2026-01-10,-1,0,0,0,0
ROB-002,2026-01-11,-1,0,0,0,0
ROB-002,2026-01-12,-1,0,0,0,0
ROB-002,2026-01-13,-1,0,0,0,0
ROB-002,2026-01-14,1,1,1,0,0
ROB-002,2026-01-15,2,1,1,0,0
ROB-002,2026-01-16,3,1,1,0,0
ROB-002,2026-01-17,4,1,1,0,0
ROB-002,2026-01-18,5,1,1,0,0
ROB-002,2026-01-19,6,1,1,0,0
ROB-002,2026-01-20,7,1,1,0,0
ROB-002,2026-01-21,8,1,1,0,0
ROB-002,2026-01-22,9,1,1,0,0
ROB-002,2026-01-23,10,1,1,0,0
ROB-002,2026-01-24,11,1,1,0,0
ROB-002,2026-01-25,12,1,1,0,0
ROB-002,2026-01-26,13,1,1,0,0
ROB-002,2026-01-27,14,1,1,0,0
ROB-002,2026-01-28,15,1,1,0,0
ROB-002,2026-01-29,16,1,1,0,0
ROB-002,2026-01-30,17,1,1,0,0
ROB-002,2026-01-31,18,1,1,0,0
ROB-002,2026-02-01,19,1,1,0,0
ROB-002,2026-02-02,20,1,1,0,0
ROB-002,2026-02-03,21,1,1,0,0
ROB-002,2026-02-04,22,1,1,0,0
ROB-002,2026-02-05,23,1,1,0,0
ROB-002,2026-02-06,24,1,1,0,0
ROB-002,2026-02-07,25,1,1,0,0
ROB-002,2026-02-08,26,1,1,0,0
ROB-002,2026-02-09,27,1,1,0,0
ROB-002,2026-02-10,28,1,1,0,0
ROB-002,2026-02-11,29,1,1,0,0
ROB-002,2026-02-12,30,1,1,0,0
ROB-002,2026-02-13,31,1,1,0,0
ROB-002,2026-02-14,32,1,1,0,0
ROB-002,2026-02-15,33,1,1,0,0
ROB-002,2026-02-16,34,1,1,0,0
ROB-002,2026-02-17,35,1,1,0,0
ROB-002,2026-02-18,36,1,1,0,0
ROB-002,2026-02-19,37,1,1,0,0
ROB-002,2026-02-20,38,1,1,0,0
ROB-002,2026-02-21,39,1,1,0,0
ROB-002,2026-02-22,40,1,1,0,0
ROB-002,2026-02-23,41,1,1,0,0
ROB-002,2026-02-24,42,1,1,0,0
ROB-002,2026-02-25,43,1,1,0,0
ROB-002,2026-02-26,44,1,1,0,0
ROB-002,2026-02-27,45,1,1,0,0
ROB-002,2026-02-28,46,1,1,0,0
ROB-002,2026-03-01,47,1,1,0,0
ROB-002,2026-03-02,48,1,1,0,0
ROB-002,2026-03-03,49,1,1,0,0
ROB-002,2026-03-04,50,1,1,0,0
ROB-002,2026-03-05,51,1,1,0,0
ROB-002,2026-03-06,52,1,1,0,0
ROB-002,2026-03-07,53,1,1,0,0
ROB-002,2026-03-08,54,1,1,0,0
ROB-002,2026-03-09,55,1,1,0,0
ROB-002,2026-03-10,56,1,1,0,0
ROB-002,2026-03-11,57,1,1,0,0
ROB-002,2026-03-12,58,1,1,0,0
ROB-002,2026-03-13,59,1,1,0,0
ROB-002,2026-03-14,1,2,1,1,0
ROB-002,2026-03-15,2,2,1,1,0
ROB-002,2026-03-16,3,2,1,1,0
ROB-002,2026-03-17,4,2,1,1,0
ROB-002,2026-03-18,5,2,1,1,0
ROB-002,2026-03-19,6,2,1,1,0
ROB-002,2026-03-20,7,2,1,1,0
ROB-002,2026-03-21,1,3,1,1,1
ROB-002,2026-03-22,2,3,1,1,1
ROB-002,2026-03-23,3,3,1,1,1
ROB-002,2026-03-24,4,3,1,1,1
ROB-002,2026-03-25,5,3,1,1,1
ROB-002,2026-03-26,6,3,1,1,1
ROB-002,2026-03-27,7,3,1,1,1
ROB-002,2026-03-28,8,3,1,1,1
ROB-002,2026-03-29,9,3,1,1,1
ROB-002,2026-03-30,10,3,1,1,1
ROB-002,2026-03-31,11,3,1,1,1
ROB-002,2026-04-01,12,3,1,1,1
ROB-002,2026-04-02,13,3,1,1,1
ROB-002,2026-04-03,14,3,1,1,1
ROB-002,2026-04-04,15,3,1,1,1
ROB-002,2026-04-05,16,3,1,1,1
ROB-002,2026-04-06,17,3,1,1,1
ROB-002,2026-04-07,18,3,1,1,1
ROB-002,2026-04-08,19,3,1,1,1
ROB-002,2026-04-09,20,3,1,1,1
ROB-002,2026-04-10,21,3,1,1,1
ROB-002,2026-04-11,22,3,1,1,1
ROB-002,2026-04-12,23,3,1,1,1
ROB-002,2026-04-13,24,3,1,1,1
ROB-002,2026-04-14,25,3,1,1,1
ROB-002,2026-04-15,26,3,1,1,1
ROB-002,2026-04-16,27,3,1,1,1
ROB-002,2026-04-17,28,3,1,1,1
ROB-002,2026-04-18,29,3,1,1,1
ROB-002,2026-04-19,30,3,1,1,1
ROB-002,2026-04-20,31,3,1,1,1
ROB-002,2026-04-21,32,3,1,1,1
ROB-002,2026-04-22,33,3,1,1,1
ROB-002,2026-04-23,34,3,1,1,1
ROB-002,2026-04-24,35,3,1,1,1
ROB-002,2026-04-25,36,3,1,1,1
ROB-002,2026-04-26,37,3,1,1,1
ROB-002,2026-04-27,38,3,1,1,1
ROB-002,2026-04-28,39,3,1,1,1
ROB-002,2026-04-29,40,3,1,1,1
ROB-002,2026-04-30,41,3,1,1,1
ROB-002,2026-05-01,42,3,1,1,1
ROB-002,2026-05-02,1,4,1,1,2
ROB-002,2026-05-03,2,4,1,1,2
ROB-002,2026-05-04,3,4,1,1,2
ROB-002,2026-05-05,4,4,1,1,2
ROB-002,2026-05-06,5,4,1,1,2
ROB-002,2026-05-07,6,4,1,1,2
ROB-002,2026-05-08,7,4,1,1,2
ROB-002,2026-05-09,8,4,1,1,2
ROB-002,2026-05-10,9,4,1,1,2
ROB-002,2026-05-11,10,4,1,1,2
ROB-002,2026-05-12,11,4,1,1,2
ROB-002,2026-05-13,12,4,1,1,2
ROB-002,2026-05-14,13,4,1,1,2
ROB-002,2026-05-15,14,4,1,1,2
ROB-002,2026-05-16,15,4,1,1,2
ROB-002,2026-05-17,16,4,1,1,2
ROB-002,2026-05-18,17,4,1,1,2
ROB-002,2026-05-19,18,4,1,1,2
ROB-002,2026-05-20,19,4,1,1,2
ROB-002,2026-05-21,20,4,1,1,2
ROB-002,2026-05-22,21,4,1,1,2
ROB-002,2026-05-23,22,4,1,1,2
ROB-002,2026-05-24,23,4,1,1,2
ROB-002,2026-05-25,24,4,1,1,2
ROB-002,2026-05-26,25,4,1,1,2
ROB-002,2026-05-27,26,4,1,1,2
ROB-002,2026-05-28,27,4,1,1,2
ROB-002,2026-05-29,28,4,1,1,2
ROB-002,2026-05-30,29,4,1,1,2
ROB-002,2026-05-31,30,4,1,1,2
ROB-002,2026-06-01,31,4,1,1,2
ROB-002,2026-06-02,32,4,1,1,2
ROB-002,2026-06-03,1,5,1,2,2
ROB-002,2026-06-04,2,5,1,2,2
ROB-002,2026-06-05,3,5,1,2,2
ROB-002,2026-06-06,4,5,1,2,2
ROB-002,2026-06-07,5,5,1,2,2
ROB-002,2026-06-08,6,5,1,2,2
ROB-002,2026-06-09,7,5,1,2,2
ROB-002,2026-06-10,8,5,1,2,2
ROB-002,2026-06-11,9,5,1,2,2
ROB-002,2026-06-12,10,5,1,2,2
ROB-002,2026-06-13,11,5,1,2,2
ROB-002,2026-06-14,12,5,1,2,2
ROB-002,2026-06-15,13,5,1,2,2
ROB-002,2026-06-16,14,5,1,2,2
ROB-002,2026-06-17,15,5,1,2,2
ROB-002,2026-06-18,16,5,1,2,2
ROB-002,2026-06-19,17,5,1,2,2
ROB-002,2026-06-20,18,5,1,2,2
ROB-002,2026-06-21,19,5,1,2,2
ROB-002,2026-06-22,20,5,1,2,2
ROB-002,2026-06-23,21,5,1,2,2
ROB-002,2026-06-24,22,5,1,2,2
ROB-002,2026-06-25,23,5,1,2,2
ROB-002,2026-06-26,24,5,1,2,2
ROB-002,2026-06-27,25,5,1,2,2
ROB-002,2026-06-28,26,5,1,2,2
ROB-002,2026-06-29,27,5,1,2,2
ROB-002,2026-06-30,28,5,1,2,2
ROB-002,2026-07-01,29,5,1,2,2
ROB-002,2026-07-02,30,5,1,2,2
ROB-002,2026-07-03,31,5,1,2,2
ROB-002,2026-07-04,32,5,1,2,2
ROB-002,2026-07-05,33,5,1,2,2
ROB-002,2026-07-06,34,5,1,2,2
ROB-002,2026-07-07,35,5,1,2,2
ROB-002,2026-07-08,36,5,1,2,2
ROB-002,2026-07-09,37,5,1,2,2
ROB-002,2026-07-10,38,5,1,2,2
ROB-002,2026-07-11,39,5,1,2,2
ROB-002,2026-07-12,40,5,1,2,2
ROB-002,2026-07-13,41,5,1,2,2
ROB-002,2026-07-14,42,5,1,2,2
ROB-002,2026-07-15,43,5,1,2,2
ROB-002,2026-07-16,1,6,1,2,3
ROB-002,2026-07-17,2,6,1,2,3
ROB-002,2026-07-18,3,6,1,2,3
ROB-002,2026-07-19,4,6,1,2,3
ROB-002,2026-07-20,5,6,1,2,3
ROB-002,2026-07-21,6,6,1,2,3
ROB-002,2026-07-22,7,6,1,2,3
ROB-002,2026-07-23,8,6,1,2,3
ROB-002,2026-07-24,9,6,1,2,3
ROB-002,2026-07-25,10,6,1,2,3
ROB-002,2026-07-26,11,6,1,2,3
ROB-002,2026-07-27,12,6,1,2,3
ROB-002,2026-07-28,13,6,1,2,3
ROB-002,2026-07-29,14,6,1,2,3
ROB-002,2026-07-30,15,6,1,2,3
ROB-002,2026-07-31,16,6,1,2,3
ROB-002,2026-08-01,17,6,1,2,3
ROB-002,2026-08-02,18,6,1,2,3
ROB-002,2026-08-03,19,6,1,2,3
ROB-002,2026-08-04,20,6,1,2,3
ROB-002,2026-08-05,1,7,1,2,4
ROB-002,2026-08-06,2,7,1,2,4
ROB-002,2026-08-07,3,7,1,2,4
ROB-002,2026-08-08,4,7,1,2,4
ROB-002,2026-08-09,5,7,1,2,4
ROB-002,2026-08-10,6,7,1,2,4
ROB-002,2026-08-11,7,7,1,2,4
ROB-002,2026-08-12,8,7,1,2,4
ROB-002,2026-08-13,9,7,1,2,4
ROB-002,2026-08-14,10,7,1,2,4
ROB-002,2026-08-15,11,7,1,2,4
ROB-002,2026-08-16,12,7,1,2,4
ROB-002,2026-08-17,13,7,1,2,4
ROB-002,2026-08-18,14,7,1,2,4
ROB-002,2026-08-19,15,7,1,2,4
ROB-002,2026-08-20,16,7,1,2,4
ROB-002,2026-08-21,17,7,1,2,4
ROB-002,2026-08-22,18,7,1,2,4
ROB-002,2026-08-23,19,7,1,2,4
ROB-002,2026-08-24,20,7,1,2,4
ROB-002,2026-08-25,21,7,1,2,4
ROB-002,2026-08-26,22,7,1,2,4
ROB-002,2026-08-27,23,7,1,2,4
ROB-002,2026-08-28,24,7,1,2,4
ROB-002,2026-08-29,25,7,1,2,4
ROB-002,2026-08-30,26,7,1,2,4
ROB-002,2026-08-31,27,7,1,2,4
ROB-002,2026-09-01,28,7,1,2,4
ROB-002,2026-09-02,29,7,1,2,4
ROB-002,2026-09-03,30,7,1,2,4
ROB-002,2026-09-04,31,7,1,2,4
ROB-002,2026-09-05,32,7,1,2,4
ROB-002,2026-09-06,33,7,1,2,4
ROB-002,2026-09-07,34,7,1,2,4
ROB-002,2026-09-08,35,7,1,2,4
ROB-002,2026-09-09,36,7,1,2,4
ROB-002,2026-09-10,37,7,1,2,4
ROB-002,2026-09-11,38,7,1,2,4
ROB-002,2026-09-12,39,7,1,2,4
ROB-002,2026-09-13,1,8,1,3,4
ROB-002,2026-09-14,2,8,1,3,4
ROB-002,2026-09-15,3,8,1,3,4
ROB-002,2026-09-16,4,8,1,3,4
ROB-002,2026-09-17,5,8,1,3,4
ROB-002,2026-09-18,6,8,1,3,4
ROB-002,2026-09-19,7,8,1,3,4
ROB-002,2026-09-20,8,8,1,3,4
ROB-002,2026-09-21,9,8,1,3,4
ROB-002,2026-09-22,10,8,1,3,4
ROB-002,2026-09-23,11,8,1,3,4
ROB-002,2026-09-24,12,8,1,3,4
ROB-002,2026-09-25,13,8,1,3,4
ROB-002,2026-09-26,14,8,1,3,4
ROB-002,2026-09-27,15,8,1,3,4
ROB-002,2026-09-28,16,8,1,3,4
ROB-002,2026-09-29,17,8,1,3,4
ROB-002,2026-09-30,18,8,1,3,4
WLD-001,2026-01-01,-1,0,0,0,0
WLD-001,2026-01-02,-1,0,0,0,0
WLD-001,2026-01-03,-1,0,0,0,0
WLD-001,2026-01-04,-1,0,0,0,0
WLD-001,2026-01-05,-1,0,0,0,0
WLD-001,2026-01-06,-1,0,0,0,0
WLD-001,2026-01-07,-1,0,0,0,0
WLD-001,2026-01-08,-1,0,0,0,0
WLD-001,2026-01-09,-1,0,0,0,0
WLD-001,2026-01-10,-1,0,0,0,0
WLD-001,2026-01-11,-1,0,0,0,0
WLD-001,2026-01-12,-1,0,0,0,0
WLD-001,2026-01-13,-1,0,0,0,0
WLD-001,2026-01-14,-1,0,0,0,0
WLD-001,2026-01-15,-1,0,0,0,0
WLD-001,2026-01-16,-1,0,0,0,0
WLD-001,2026-01-17,-1,0,0,0,0
WLD-001,2026-01-18,-1,0,0,0,0
WLD-001,2026-01-19,-1,0,0,0,0
WLD-001,2026-01-20,-1,0,0,0,0
WLD-001,2026-01-21,-1,0,0,0,0
WLD-001,2026-01-22,-1,0,0,0,0
WLD-001,2026-01-23,-1,0,0,0,0
WLD-001,2026-01-24,-1,0,0,0,0
WLD-001,2026-01-25,-1,0,0,0,0
WLD-001,2026-01-26,-1,0,0,0,0
WLD-001,2026-01-27,-1,0,0,0,0
WLD-001,2026-01-28,1,1,1,0,0
WLD-001,2026-01-29,2,1,1,0,0
WLD-001,2026-01-30,3,1,1,0,0
WLD-001,2026-01-31,4,1,1,0,0
WLD-001,2026-02-01,5,1,1,0,0
WLD-001,2026-02-02,6,1,1,0,0
WLD-001,2026-02-03,7,1,1,0,0
WLD-001,2026-02-04,8,1,1,0,0
WLD-001,2026-02-05,9,1,1,0,0
WLD-001,2026-02-06,10,1,1,0,0
WLD-001,2026-02-07,11,1,1,0,0
WLD-001,2026-02-08,12,1,1,0,0
WLD-001,2026-02-09,13,1,1,0,0
WLD-001,2026-02-10,14,1,1,0,0
WLD-001,2026-02-11,15,1,1,0,0
WLD-001,2026-02-12,16,1,1,0,0
WLD-001,2026-02-13,17,1,1,0,0
WLD-001,2026-02-14,18,1,1,0,0
WLD-001,2026-02-15,19,1,1,0,0
WLD-001,2026-02-16,20,1,1,0,0
WLD-001,2026-02-17,21,1,1,0,0
WLD-001,2026-02-18,22,1,1,0,0
WLD-001,2026-02-19,23,1,1,0,0
WLD-001,2026-02-20,24,1,1,0,0
WLD-001,2026-02-21,25,1,1,0,0
WLD-001,2026-02-22,26,1,1,0,0
WLD-001,2026-02-23,27,1,1,0,0
WLD-001,2026-02-24,28,1,1,0,0
WLD-001,2026-02-25,29,1,1,0,0
WLD-001,2026-02-26,30,1,1,0,0
WLD-001,2026-02-27,31,1,1,0,0
WLD-001,2026-02-28,32,1,1,0,0
WLD-001,2026-03-01,33,1,1,0,0
WLD-001,2026-03-02,34,1,1,0,0
WLD-001,2026-03-03,35,1,1,0,0
WLD-001,2026-03-04,36,1,1,0,0
WLD-001,2026-03-05,37,1,1,0,0
WLD-001,2026-03-06,38,1,1,0,0
WLD-001,2026-03-07,39,1,1,0,0
WLD-001,2026-03-08,40,1,1,0,0
WLD-001,2026-03-09,41,1,1,0,0
WLD-001,2026-03-10,42,1,1,0,0
WLD-001,2026-03-11,43,1,1,0,0
WLD-001,2026-03-12,44,1,1,0,0
WLD-001,2026-03-13,45,1,1,0,0
WLD-001,2026-03-14,46,1,1,0,0
WLD-001,2026-03-15,47,1,1,0,0
WLD-001,2026-03-16,48,1,1,0,0
WLD-001,2026-03-17,49,1,1,0,0
WLD-001,2026-03-18,1,2,1,1,0
WLD-001,2026-03-19,2,2,1,1,0
WLD-001,2026-03-20,3,2,1,1,0
WLD-001,2026-03-21,4,2,1,1,0
WLD-001,2026-03-22,5,2,1,1,0
WLD-001,2026-03-23,6,2,1,1,0
WLD-001,2026-03-24,7,2,1,1,0
WLD-001,2026-03-25,8,2,1,1,0
WLD-001,2026-03-26,9,2,1,1,0
WLD-001,2026-03-27,10,2,1,1,0
WLD-001,2026-03-28,11,2,1,1,0
WLD-001,2026-03-29,12,2,1,1,0
WLD-001,2026-03-30,13,2,1,1,0
WLD-001,2026-03-31,14,2,1,1,0
WLD-001,2026-04-01,15,2,1,1,0
WLD-001,2026-04-02,16,2,1,1,0
WLD-001,2026-04-03,17,2,1,1,0
WLD-001,2026-04-04,18,2,1,1,0
WLD-001,2026-04-05,19,2,1,1,0
WLD-001,2026-04-06,20,2,1,1,0
WLD-001,2026-04-07,21,2,1,1,0
WLD-001,2026-04-08,22,2,1,1,0
WLD-001,2026-04-09,23,2,1,1,0
WLD-001,2026-04-10,24,2,1,1,0
WLD-001,2026-04-11,25,2,1,1,0
WLD-001,2026-04-12,26,2,1,1,0
WLD-001,2026-04-13,27,2,1,1,0
WLD-001,2026-04-14,28,2,1,1,0
WLD-001,2026-04-15,29,2,1,1,0
WLD-001,2026-04-16,30,2,1,1,0
WLD-001,2026-04-17,31,2,1,1,0
WLD-001,2026-04-18,1,3,1,2,0
WLD-001,2026-04-19,2,3,1,2,0
WLD-001,2026-04-20,3,3,1,2,0
WLD-001,2026-04-21,4,3,1,2,0
WLD-001,2026-04-22,5,3,1,2,0
WLD-001,2026-04-23,6,3,1,2,0
WLD-001,2026-04-24,7,3,1,2,0
WLD-001,2026-04-25,8,3,1,2,0
WLD-001,2026-04-26,9,3,1,2,0
WLD-001,2026-04-27,10,3,1,2,0
WLD-001,2026-04-28,11,3,1,2,0
WLD-001,2026-04-29,12,3,1,2,0
WLD-001,2026-04-30,13,3,1,2,0
WLD-001,2026-05-01,14,3,1,2,0
WLD-001,2026-05-02,15,3,1,2,0
WLD-001,2026-05-03,16,3,1,2,0
WLD-001,2026-05-04,17,3,1,2,0
WLD-001,2026-05-05,18,3,1,2,0
WLD-001,2026-05-06,19,3,1,2,0
WLD-001,2026-05-07,20,3,1,2,0
WLD-001,2026-05-08,21,3,1,2,0
WLD-001,2026-05-09,22,3,1,2,0
WLD-001,2026-05-10,23,3,1,2,0
WLD-001,2026-05-11,24,3,1,2,0
WLD-001,2026-05-12,25,3,1,2,0
WLD-001,2026-05-13,26,3,1,2,0
WLD-001,2026-05-14,27,3,1,2,0
WLD-001,2026-05-15,28,3,1,2,0
WLD-001,2026-05-16,29,3,1,2,0
WLD-001,2026-05-17,30,3,1,2,0
WLD-001,2026-05-18,31,3,1,2,0
WLD-001,2026-05-19,32,3,1,2,0
WLD-001,2026-05-20,33,3,1,2,0
WLD-001,2026-05-21,1,4,1,3,0
WLD-001,2026-05-22,2,4,1,3,0
WLD-001,2026-05-23,3,4,1,3,0
WLD-001,2026-05-24,4,4,1,3,0
WLD-001,2026-05-25,5,4,1,3,0
WLD-001,2026-05-26,6,4,1,3,0
WLD-001,2026-05-27,7,4,1,3,0
WLD-001,2026-05-28,8,4,1,3,0
WLD-001,2026-05-29,9,4,1,3,0
WLD-001,2026-05-30,10,4,1,3,0
WLD-001,2026-05-31,11,4,1,3,0
WLD-001,2026-06-01,12,4,1,3,0
WLD-001,2026-06-02,13,4,1,3,0
WLD-001,2026-06-03,14,4,1,3,0
WLD-001,2026-06-04,15,4,1,3,0
WLD-001,2026-06-05,16,4,1,3,0
WLD-001,2026-06-06,17,4,1,3,0
WLD-001,2026-06-07,18,4,1,3,0
WLD-001,2026-06-08,19,4,1,3,0
WLD-001,2026-06-09,20,4,1,3,0
WLD-001,2026-06-10,21,4,1,3,0
WLD-001,2026-06-11,22,4,1,3,0
WLD-001,2026-06-12,23,4,1,3,0
WLD-001,2026-06-13,24,4,1,3,0
WLD-001,2026-06-14,25,4,1,3,0
WLD-001,2026-06-15,26,4,1,3,0
WLD-001,2026-06-16,27,4,1,3,0
WLD-001,2026-06-17,28,4,1,3,0
WLD-001,2026-06-18,29,4,1,3,0
WLD-001,2026-06-19,30,4,1,3,0
WLD-001,2026-06-20,31,4,1,3,0
WLD-001,2026-06-21,32,4,1,3,0
WLD-001,2026-06-22,33,4,1,3,0
WLD-001,2026-06-23,34,4,1,3,0
WLD-001,2026-06-24,35,4,1,3,0
WLD-001,2026-06-25,36,4,1,3,0
WLD-001,2026-06-26,37,4,1,3,0
WLD-001,2026-06-27,1,5,1,4,0
WLD-001,2026-06-28,2,5,1,4,0
WLD-001,2026-06-29,3,5,1,4,0
WLD-001,2026-06-30,4,5,1,4,0
WLD-001,2026-07-01,5,5,1,4,0
WLD-001,2026-07-02,6,5,1,4,0
WLD-001,2026-07-03,7,5,1,4,0
WLD-001,2026-07-04,8,5,1,4,0
WLD-001,2026-07-05,9,5,1,4,0
WLD-001,2026-07-06,10,5,1,4,0
WLD-001,2026-07-07,11,5,1,4,0
WLD-001,2026-07-08,12,5,1,4,0
WLD-001,2026-07-09,13,5,1,4,0
WLD-001,2026-07-10,14,5,1,4,0
WLD-001,2026-07-11,15,5,1,4,0
WLD-001,2026-07-12,16,5,1,4,0
WLD-001,2026-07-13,17,5,1,4,0
WLD-001,2026-07-14,18,5,1,4,0
WLD-001,2026-07-15,19,5,1,4,0
WLD-001,2026-07-16,20,5,1,4,0
WLD-001,2026-07-17,21,5,1,4,0
WLD-001,2026-07-18,22,5,1,4,0
WLD-001,2026-07-19,23,5,1,4,0
WLD-001,2026-07-20,24,5,1,4,0
WLD-001,2026-07-21,25,5,1,4,0
WLD-001,2026-07-22,26,5,1,4,0
WLD-001,2026-07-23,27,5,1,4,0
WLD-001,2026-07-24,28,5,1,4,0
WLD-001,2026-07-25,29,5,1,4,0
WLD-001,2026-07-26,30,5,1,4,0
WLD-001,2026-07-27,31,5,1,4,0
WLD-001,2026-07-28,32,5,1,4,0
WLD-001,2026-07-29,33,5,1,4,0
WLD-001,2026-07-30,34,5,1,4,0
WLD-001,2026-07-31,35,5,1,4,0
WLD-001,2026-08-01,36,5,1,4,0
WLD-001,2026-08-02,37,5,1,4,0
WLD-001,2026-08-03,38,5,1,4,0
WLD-001,2026-08-04,39,5,1,4,0
WLD-001,2026-08-05,40,5,1,4,0
WLD-001,2026-08-06,41,5,1,4,0
WLD-001,2026-08-07,42,5,1,4,0
WLD-001,2026-08-08,43,5,1,4,0
WLD-001,2026-08-09,44,5,1,4,0
WLD-001,2026-08-10,45,5,1,4,0
WLD-001,2026-08-11,1,6,1,5,0
WLD-001,2026-08-12,2,6,1,5,0
WLD-001,2026-08-13,3,6,1,5,0
WLD-001,2026-08-14,4,6,1,5,0
WLD-001,2026-08-15,5,6,1,5,0
WLD-001,2026-08-16,6,6,1,5,0
WLD-001,2026-08-17,7,6,1,5,0
WLD-001,2026-08-18,8,6,1,5,0
WLD-001,2026-08-19,9,6,1,5,0
WLD-001,2026-08-20,10,6,1,5,0
WLD-001,2026-08-21,11,6,1,5,0
WLD-001,2026-08-22,12,6,1,5,0
WLD-001,2026-08-23,13,6,1,5,0
WLD-001,2026-08-24,14,6,1,5,0
WLD-001,2026-08-25,15,6,1,5,0
WLD-001,2026-08-26,16,6,1,5,0
WLD-001,2026-08-27,17,6,1,5,0
WLD-001,2026-08-28,18,6,1,5,0
WLD-001,2026-08-29,19,6,1,5,0
WLD-001,2026-08-30,20,6,1,5,0
WLD-001,2026-08-31,21,6,1,5,0
WLD-001,2026-09-01,22,6,1,5,0
WLD-001,2026-09-02,23,6,1,5,0
WLD-001,2026-09-03,24,6,1,5,0
WLD-001,2026-09-04,1,7,1,6,0
WLD-001,2026-09-05,2,7,1,6,0
WLD-001,2026-09-06,3,7,1,6,0
WLD-001,2026-09-07,4,7,1,6,0
WLD-001,2026-09-08,5,7,1,6,0
WLD-001,2026-09-09,6,7,1,6,0
WLD-001,2026-09-10,7,7,1,6,0
WLD-001,2026-09-11,8,7,1,6,0
WLD-001,2026-09-12,9,7,1,6,0
WLD-001,2026-09-13,10,7,1,6,0
WLD-001,2026-09-14,11,7,1,6,0
WLD-001,2026-09-15,12,7,1,6,0
WLD-001,2026-09-16,13,7,1,6,0
WLD-001,2026-09-17,14,7,1,6,0
WLD-001,2026-09-18,15,7,1,6,0
WLD-001,2026-09-19,16,7,1,6,0
WLD-001,2026-09-20,17,7,1,6,0
WLD-001,2026-09-21,18,7,1,6,0
WLD-001,2026-09-22,19,7,1,6,0
WLD-001,2026-09-23,20,7,1,6,0
WLD-001,2026-09-24,1,8,1,7,0
WLD-001,2026-09-25,2,8,1,7,0
WLD-001,2026-09-26,1,9,2,7,0
WLD-001,2026-09-27,2,9,2,7,0
WLD-001,2026-09-28,3,9,2,7,0
WLD-001,2026-09-29,4,9,2,7,0
WLD-001,2026-09-30,5,9,2,7,0
